0,1,2,3,4,5,6,7,8,9,10
good morning rfood some artist friends and i have spent the last few weeks using the content we found here as references for art   here s what we made   http  imgurcomalr4n1   thank you all for supplying so many beautiful and interesting images to choose from i credit each of the artists in the titles and descriptions of the imgur album  but i ll explicitly call them out here as well  in no particular order   uvaro uorvane umandaralicious udavidwinters upowersimon upoledra we also tried to keep track of all of the posts we used for references an incomplete list of those posts   1   https  wwwredditcomrfoodcomments40gxytsous_vide_filet_mignon_with_a_hassleback_potato   2   https  wwwredditcomrfoodcomments3xn5exhome_made_miso_ramen   3   https  wwwredditcomrfoodcomments40yhqyafternoon_tea   4   https  wwwredditcomrfoodcomments41e90dproud_of_my_omelette   5   https  wwwredditcomrfoodcomments419yh4lemon_cupcakes_with_blackberry_frosting   6   https  wwwredditcomrfoodcomments419jhoenglish_breakfast   7   https  wwwredditcomrfoodcomments40mgkhchocolate_avocado_mousse_with_blackberries_and   8   https  wwwredditcomrfoodcomments41zxw2homade_roastbeef_with_balsamicchili_tomatoes_and   9   https  wwwredditcomrfoodporncomments3j7iyhpesto_chicken_sandwiches_with_fontina_mayonnaise   10   https  wwwredditcomrfoodporncomments2m9zt9cheddar_biscuit_breakfast_sandwich_680x453   11   https  wwwredditcomrfoodporncomments32tavxgooey_lemon_bars_with_blueberry_glaze_tangy_sweet   12   https  wwwredditcomrfoodcomments3zzjab5050_bacon_and_ground_beef_cheeseburger_on_a   13   https  wwwredditcomrfoodcomments40qnr0fried_chicken_sandwich_coleslaw_pickles_chili_aoli   14   https  wwwredditcomrfoodcomments3z6sx9i_made_dijon_and_herb_crusted_lamb_chops_for_new ,43odro,food,lifestyle,1454332446,MeatyElbow,102,0,6203,24303,0
i ve tried to bbq chicken and turkey drumsticks and both times i wound up with bones that broke super easy in my hand what was i doing wrong  i have an old grill that is primarily a smoker i got it up to about 180f and let the drumsticks go for a little under an hour until the internal temp was 165f i even tried baking the drumsticks first and then just smoking them at 125f which i read online was the correct temp but i always get super brittle bones what am i doing wrong  do you have any tips or a link ,463538,food,lifestyle,1455639397,Handsome_Pat,2,0,1,20,0
i consider myself to be a decent chef for being self trained but i m always looking to strengthen my skills i m looking for recipes that are difficult to make  include spices you do nt normally use  take more steps than usual  tests you and makes you question why combinations were made ,4639p0,food,lifestyle,1455640858,ajdietrick3,1,0,16,142,0
i usually do nt like fish but i love scallops the problem is they re too pricey  is there anything i can buy that can take the place taste wise  trying to stay healthy ,463yuk,food,lifestyle,1455649125,sasuke7532,0,0,617,2874,0
i decided to spoil myself last night with a delicious burger i made some fresh garlic mayo  was a bit oilier tasting than usual but still great   thick cut smoked bacon  a fried egg  boar s head white american  lettuce onion and ketchup on a potato roll toasted in the bacon drippings it looks a bit tall in the pic  but it s just the perspective i used the  smash  method on a cast skillet heated up on the grill easily the tastiest burger i have ever made  wwwimgurcomagcvg0d,463z55,food,lifestyle,1455649222,ender4171,1,0,227,11023,0
i can be quite the show addict  and i ve seen some great shows on food i d love to hear what some of rfood s favorites are  here are some of the shows i really enjoyed  jiro dreams of sushi  i personally love sushi  it s hands down my favorite food this documentary revolves around jiro who has dedicated his entire life to perfecting his craft the art of making sushi  masterchef  my favorite of the many shows that follow the round by round elimination style i think the judging is pretty biased however  they seem to pick more for the audience and ratings than actual food  especially when it s a close race  iron chef  this show truly showcases people who have spent a large portion fo their life in the kitchen you watch two masters battle it out and put out some really creative and great look dishes also chef morimoto is a bad ass  shokugeki no souma  food wars   an animated  anime  series center around food battles if anime is your thing you ll probably enjoy it  i sure did ,464m4t,food,lifestyle,1455657035,omfreibe,0,0,1,5,0
i just did some homemade carolina vinegar sauce and i was wondering what is the fridge life of it  vinegar  sugar  tabasco  red pepper  catchup  i know  sacrilege  right   and salt  by the way it tasted great ,465061,food,lifestyle,1455661890,shitiforgotmypasswor,0,0,225,4520,0
mine are nutella chocolate spread and whole earth peanut butter,465ljx,food,lifestyle,1455670097,JasonWilley777,0,0,7720,1291,0
i ve been wanting to have some caramel for my icecream  what is a good way to make caramel ,465lzl,food,lifestyle,1455670270,xiscr,2,0,1157,3965,0
time to get fat   d,465mb0,food,lifestyle,1455670402,Iswearitsoligarchy,2,0,99,308,0
hey  i m looking for a cracker to use for canape  but i would really like one that is nt perfectly flat but actually is somewhat bowl shaped instead and around 12 inches wide  any suggestions of any that are worthwhile and available in the usa ,465mgp,food,lifestyle,1455670468,Ultenth,0,0,2102,12330,0
i need to know as i have a craving that needs satisfying tomorrow i want to try it in a new way though as i only ever have cheddar on a ritz cracker throw in whatever you like  as long it s excellent ,465rrx,food,lifestyle,1455672559,Rokakku,0,0,880,9573,1
i m familiar with various forms of acid based  cooking  like ceviche  tartare  etc but is it possible to similarly  cook  or break down a vegetable like say asparagus by using lemon juice or the like if you marinade it long enough ,466hsk,food,lifestyle,1455682519,Ultenth,1,0,0,0,
thank you for compiling everyone s work  umeatyelbow it s awesome to have uorvane as a new member really great work  everyone ,czk2qdj,food,lifestyle,1454357085,Varo,5,0,4821,19765,0
okay  welcome on board and nice compilation ,czk6vsq,food,lifestyle,1454362882,Isaakoms,2,0,3,3,0
i had a lot of fun painting food  and spent probably way too much time perusing rfood just for the references  thanks  umeatyelbow for getting these all together in one post ,czk846n,food,lifestyle,1454364660,Mandaralicious,4,0,4295,4901,0
that cupcake is dope i d almost buy a print of that  if i liked cupcakes more ,czn1mbz,food,lifestyle,1454550290,Kahluabomb,7,0,318,1478,0
i really like when men cook cupcakes ,czp420b,food,lifestyle,1454698325,FluffyCat96,2,0,0,0,
great job  that ramen looks perfect for a restaurant wall  did you use a black marker or black watercolour and a pencil for the details ,czx7c7y,food,lifestyle,1455278458,doctoraw,2,0,2319,2969,0
this is beautiful and pinteresty,czyjrw1,food,lifestyle,1455380360,BeyonceIsBetter,2,0,0,0,
you re the winner here,d007rx6,food,lifestyle,1455503180,Tronz3000,4,0,1,62,0
made a pan of walnut brownies with kahlua instead of water i m single all mine ,d007t3a,food,lifestyle,1455503235,Enigma1959,267,0,44,13267,0
i made a seven layer salad and sat home in shame ,d008buf,food,lifestyle,1455504146,Inthewoodlands,25,0,20,778,0
that actually looks really damn good  nice job  if you do nt mind me asking  how did you make it  did you follow a recipe or is it your own twist ,d00967p,food,lifestyle,1455505606,BlueD_,3,0,11507,11371,0
to be fair your feelings look delicious ,d009d8x,food,lifestyle,1455505967,Bic_Parker,35,0,471,28262,1
hmm looks almost like a black salami,d00a8y9,food,lifestyle,1455507639,outofcontrolbehavior,2,0,28,2902,0
this is very important so pay attention  i need a step by step preparation instruction and recipe now ,d00bel2,food,lifestyle,1455509913,Knotori,58,0,1,81,0
i went to a fancy indian place by my self fuck it ,d00birr,food,lifestyle,1455510153,Not_this_guy_again_,14,0,5,562,0
damn this looks amazing will give gold for recipe post ,d00dk6o,food,lifestyle,1455514662,Zombiac3,9,0,1,19,0
you ca nt just post that and leave without giving us a recipe for that beautiful hunk of meat ,d00esrd,food,lifestyle,1455517801,iflanzy,3,0,1385,5377,0
my mind went straight to rpopping,d00fi2p,food,lifestyle,1455519774,MoroseOverdose,4,0,4759,8718,0
 removed ,d00fk4l,food,lifestyle,1455519947,[deleted],128,0,0,0,
and here i am eating from a bag of chocolate chips ,d00fo99,food,lifestyle,1455520301,_l-___-l_,5,0,1,48,0
you did it right  my friend ,d00g1cn,food,lifestyle,1455521418,reagan2024,2,0,13,2750,0
why is it that i find all the super yummy food in the middle of the night ,d00g9a6,food,lifestyle,1455522124,PoonTrain,1,0,1,29,0
recipe  oh please  oh ,d00gbpc,food,lifestyle,1455522347,philter451,3,0,1218,10386,0
the internet has ruined me ,d00hkx6,food,lifestyle,1455526799,getDESOLATE,2,0,4695,1802,0
i make it with goat cheese and put asparagus in it,d00hxn6,food,lifestyle,1455528205,HatKid-IV,1,0,1,118,0
yum sure  if you had a valentine you could wrap them in bacon and cook them  but getting the cheese stuffing in would have been problematic so this is a win ,d00hyel,food,lifestyle,1455528291,karmatiger,3,0,7358,6134,0
looks like your meatloaf is happy to see you ,d00jasa,food,lifestyle,1455534063,t_ran_asuarus_rex,10,0,706,17786,0
i just made cajun shrimp and sausage alfredo glad i m not alone in eating my feelings,d00jixi,food,lifestyle,1455535059,fresh72,1,0,25,19511,0
if these are your feelings i think it might be a crime to be your valentine ,d00jnwd,food,lifestyle,1455535634,Geoman362,1,0,1,3,0
found my soulmate 9 years ago we literally made something just like this  but with fresh feta instead   moral of the story  true love tastes like ground beef stuffed with savory cheese  wrapped in bacon  where do you think the term  fat and happy  comes from ,d00jugb,food,lifestyle,1455536370,Dathouen,6,0,2006,5990,0
you know what you ca nt wrap in bacon  the hole in your heart ,d00k00s,food,lifestyle,1455537001,riff1060,1,0,0,0,
this is easily one of the greatest things i ve ever seen did nt over do the bacon  meatloaf looks moist  cheese iswellcheesing i bet this was heavenly i d vote this for a top 100 perfect food god i can smell it ,d00k67q,food,lifestyle,1455537665,ElectroFlannelGore,2,0,159,6386,0
recipe ,d00ke1h,food,lifestyle,1455538501,Ifrit1445,1,0,1,1443,0
that piece of meat could be my valentine any day op  nice work ,d00kibp,food,lifestyle,1455538954,benais,1,0,0,0,
 this   http  imgurcomszh4xa9  is called a bacon eggsplosion  no eggs in it  and it s in a similar vein it s a weave of bacon with 1 lb of breakfast sausage on that  wrapped around a sausage with cheese ,d00ktj7,food,lifestyle,1455540040,Overmind_Slab,2,0,10,3224,0
your feelings sound delicious ,d00kwtg,food,lifestyle,1455540344,LobsterSoulSandwich,1,0,1,935,0
hello it s me  your valentine ,d00l4q7,food,lifestyle,1455541051,Hthiy,1,0,14,4718,0
das ist lecker  ich liebe schnitzel jetztich habe hunger  ,d00l5mr,food,lifestyle,1455541135,BingSinatra,5,0,1,158,1
i started implanting my meatloafs with egg it s super tasty perhaps you d like to give it a shot ,d00l8zn,food,lifestyle,1455541422,pineapplesmasher,1,0,0,0,
not too sure about the cheese  looks like an abscess  otherwise the meatloaf looks absolutely amazing  before cutting into it it almost looks like a roast ,d00lb3p,food,lifestyle,1455541598,Bleue22,1,0,26,41591,0
kfc for my valentine best yet  she did nt leave me after last night ,d00lj7s,food,lifestyle,1455542266,M0hammed_Khaled,2,0,1,332,0
kfc as my valentine best yet  she did nt leave me after night night ,d00ljr3,food,lifestyle,1455542309,M0hammed_Khaled,1,0,1,332,0
everytime i try to make baconwrapped anything  it seems the bacon does nt cook all the way and gets soggy or whatever what is the secret ,d00lwki,food,lifestyle,1455543277,analogboy56,1,0,2105,27857,0
since no one commented on it  i love henkel knives good taste my friend ,d00m3kr,food,lifestyle,1455543781,FirstForFun44,1,0,40,20996,0
how are those arteries feeling ,d00mc4x,food,lifestyle,1455544393,ZestyyyClamMeat,1,0,1,-3,0
odd combination but the schnitzels look nice ,d00mhca,food,lifestyle,1455544745,madpiano,4,0,1,2644,0
my wife and i will make you our valentine if you make that shit and bring it over,d00mp6x,food,lifestyle,1455545255,heavymedicine,7,0,1348,6148,0
eat your heart out lt  3,d00mq0s,food,lifestyle,1455545308,DonkeyNaHammock,2,0,1,14,0
i m a vegetarian and this turns me on ,d00mus7,food,lifestyle,1455545599,unarmedchicken,2,0,1,83,0
are you sure you are going to eat that  with enough imagination you could make that loaf your valentine  no shame ,d00my67,food,lifestyle,1455545803,MethodMikey,2,0,3301,51,0
is there a recipe ,d00mywz,food,lifestyle,1455545849,TOMS_2_Feet,1,0,1,0,0
with cooking like that  you should be able to find somebody who likewise has nt got a valentine  feed them  and wind up with a valentine that looks great ,d00n00a,food,lifestyle,1455545916,JerryAllman,3,0,1,9,0
cook me food like that and i ll be your valentine ,d00n61k,food,lifestyle,1455546276,flosiraptor,3,0,1,9877,0
i ll be you re valentine if you cook me meals like that jesus christ that looks amazing,d00n87f,food,lifestyle,1455546402,omgsnocones,2,0,0,0,
i like your knife set  we have the same one,d00n8me,food,lifestyle,1455546425,archibaldmeatpants12,2,0,543,342,0
you should store your evoo in a cool dark place cmon bruh ,d00nhs4,food,lifestyle,1455546958,fuckcombustion,2,0,44,318,0
can i have a slice of your feelings please ,d00nj0c,food,lifestyle,1455547026,ButcherPetesMeats,1,0,1,4315,0
you had me at bacon ,d00nl1v,food,lifestyle,1455547141,yuwesley,1,0,328,2241,0
your feelings look delicious ,d00nrrh,food,lifestyle,1455547512,Heerocon,2,0,10,783,0
looks like it should be in a magazine,d00nzes,food,lifestyle,1455547927,Dominantmuthafudga,10,0,1,198,0
i d normally have schnitzel with kartoffelsalat instead of sp  tzle but both are awesome ,d00o463,food,lifestyle,1455548181,BrisbaneBhoy,16,0,1,2083,0
you made this bealty  good job  know i m really hungry haha,d00o7p5,food,lifestyle,1455548367,sergioantoniojnr,1,0,2,9,0
ive made that meatloaf  but on the bbq grill comes out bomb ,d00ob59,food,lifestyle,1455548552,osiris775,2,0,1,60,0
it looks like a homemade valentines food based fleshlight ,d00ongd,food,lifestyle,1455549194,rappercalledtickle,2,0,4,1029,0
milanesas pap   milanesas ,d00onv7,food,lifestyle,1455549217,Benrell,5,0,1,2743,0
oh my that loaf looks glazetastic yum,d00opm2,food,lifestyle,1455549303,split_chickadee,1,0,0,0,
 deleted ,d00ox4z,food,lifestyle,1455549682,[deleted],1,0,0,0,
i too use a henkel breadknife to cut meat ,d00p7r0,food,lifestyle,1455550185,walkerlucas,2,0,7781,7757,0
title could be the name of a fall out boy song,d00paj5,food,lifestyle,1455550319,ido50,1,0,0,0,
you wo nt have a problem getting a valentines date when packing that meat ,d00pjbb,food,lifestyle,1455550731,cohan8999,1,0,6070,2337,0
dear god i will be your valentine forever if you make me just one of these ,d00pntp,food,lifestyle,1455550943,Amieisrad,1,0,3335,3037,1
that would make perfect sammich material there  sooo good  mmmmmm  sorry about the drool ,d00q83a,food,lifestyle,1455551874,SplitboardThugLife,1,0,0,0,
you ve basically forced me to replicate this dinner for my self tonight ,d00qcpz,food,lifestyle,1455552079,hightechchef,1,0,37,589,0
and you were alone on valentine s day  how has no one snapped you up  bacon wrapped  cheese stuffed meatloaf  that s fucking brilliant clearly you need no one ,d00qiy9,food,lifestyle,1455552358,Anderlinck1,1,0,1,169,0
well now that i look at your username  i see it was nt just my imagination have you ever wanted to disappear ,d00qkj9,food,lifestyle,1455552430,ido50,2,0,174,641,0
saw deadpool in imax then made fried chicken coleslaw and chocolate milk,d00qmlz,food,lifestyle,1455552518,Demonic_Toaster,1,0,3,1352,0
what did you do with the pork shoulder ,d00r2l3,food,lifestyle,1455553219,ilikerazors,4,0,512,10461,0
that s a thing of beauty ,d00r7dk,food,lifestyle,1455553429,Fatburg,2,0,15055,39110,0
i d blow you just to try some of that and ima dude,d00rdf2,food,lifestyle,1455553689,iluvmygraMMA,1,0,1,1085,0
i hate meatloaf  but that soundslooks amazing ,d00rdjv,food,lifestyle,1455553696,Bo0zled,1,0,32,188,0
rketo,d00rh2c,food,lifestyle,1455553850,EnVinoVeritaz,5,0,850,12304,0
loving that salad on the plate  perfect size i reckon ,d00rp3c,food,lifestyle,1455554196,Elygian,2,0,54,1146,0
what part of the midwest are you from ,d00rv4z,food,lifestyle,1455554456,binarybbq,1,0,1,418,0
it s ok  i got fast food  but this looks really good  recipe please ,d00ry9g,food,lifestyle,1455554592,loldogex,1,0,2389,3034,0
now is this just a matter of making multiple thin layers and just stacking them ,d00s0i4,food,lifestyle,1455554687,PM_ME_UR_TRAINS,6,0,1,2775,0
resisting desire to make joke about valentine being meat stuffed with creamy white stuff ,d00s43e,food,lifestyle,1455554837,xaivteev,1,0,7,285,0
if you can cook like that you should have a valentine edit  hopefully next year  ,d00sg5q,food,lifestyle,1455555338,sacredscholar,1,0,1,3889,0
sweet cheesy jesus give me some,d00sm9k,food,lifestyle,1455555587,SenpaiSama,1,0,3535,10511,0
you either make an album and give me a recipe orori will completely screw it up ,d00spsy,food,lifestyle,1455555734,neverbeen1,1,0,92,113,0
your feelings look delicious ,d00t21v,food,lifestyle,1455556252,Ammerpay,1,0,1,354,0
we mix feta in with our meat it s fucking amazing ,d00ta1o,food,lifestyle,1455556589,Sleepyhead88,1,0,433,23310,0
this looks like the best thing ever,d00tfp2,food,lifestyle,1455556822,jww243,1,0,1,39,0
 kaiser tiger   http  kaisertigercomkaisertigermenu  in chicago has something almost similar but called  the bomb   no mozzarella tho    5 lbs of spicy beef and pork sausage stuffed with pepper bacon and wrapped in a brown sugar bacon weave cooked for hours on the smoker and served with fresh cut fries  buns  pepper jack cheese  onion  lettuce  tomato  and bbq sauce ,d00tjsm,food,lifestyle,1455556987,MrALTOID,1,0,0,0,
ahhhhhhh  salmon skin roll ,d00tkuj,food,lifestyle,1455557031,metallica594,13,0,1,149,0
your chicken parm looks just like a metroid,d00tqms,food,lifestyle,1455557266,Scout14,14,0,0,0,
wow  this is some serious chili ,d00ty9b,food,lifestyle,1455557577,snowman334,2,0,239,21220,0
your feelings look delicious ,d00tz3m,food,lifestyle,1455557612,1h8fulkat,1,0,8646,13484,0
i might have to try the stuffed mozz idea but i prefer crisped pancetta mixed into the loaf instead of the bacon  for my solo valentines i fried a chicken  made a beets  carrots  and goat cheese salad  and baked a buttermilk pie with booker s bourbon ,d00u7gj,food,lifestyle,1455557949,callmeRichard,2,0,28,33579,0
looks tasty  for variation try mixing a shredded cheese with the meateggbread crumb mixture before forming mozzarella works  but these other cheeses work too  parmesan  various jack cheeses  pepperjack lt  3   cheddar  cabot makes a whole bunch of different kinds  most work and are good   and muenster that s all the cheeses i ve used  anyway a mix of them can be good too  like both mozzarella and parmesan  also  if it ended up a little dry  try adding some finely diced onion i ve made meatloaves with both onions and without  and i much prefer to have the onions in there unless i m cooking for someone picky ,d00ui1k,food,lifestyle,1455558367,Vazerus,2,0,2,492,0
are you sure you did nt fuck that meatloaf,d00ukuo,food,lifestyle,1455558482,NicePaperclip,1,0,765,3094,0
i would rather have the cheese than the stuff around it but that is just my love of cheese cheese over everything else ,d00ulv9,food,lifestyle,1455558521,serosis,1,0,475,37989,0
i had sex then a kale salad on valentines day,d00uvum,food,lifestyle,1455558921,SpeakerToRedditors,1,0,173,5845,0
nice you got some tail on valentines day ,d00v569,food,lifestyle,1455559296,havereddit,16,0,3126,15002,0
i wish my feelings were as delicious as this ,d00v8ws,food,lifestyle,1455559445,kamibara,1,0,508,2799,0
did you use a glaze if so what did you use ,d00vrek,food,lifestyle,1455560184,DrippyStretch,1,0,14,190,0
i would gladly trade you my so for that meatloaf,d00vxea,food,lifestyle,1455560430,algernonwaits,2,0,14,4780,0
you have the most beautiful mind how the hell did you even come up with this   please pass along the recipe ,d00w813,food,lifestyle,1455560858,bittyp,1,0,88,108,0
in before people call it burnt  looks tasty ca nt wait for the weather to warm up so i can get the smoker back out  what kind of smoker did you use ,d00wly0,food,lifestyle,1455561411,IP_You_Pee,2,0,1,109,0
i have never in my life seen anyone eat sp  tzle with a fucking schnitzel ,d00wmmf,food,lifestyle,1455561437,100nl,11,0,1,930,0
this is one of the finest looking  simple  cakes i ve seen it does make this cake look like it would taste rainbows ,d00wszy,food,lifestyle,1455561685,poopcasso,11,0,128,4987,0
looks good  youve got a good bark going and everything my only recommendation would be to let it smoke at a lower temp for longer to get a more pronounced smoke ring  the red around the edge  ,d00wwzt,food,lifestyle,1455561840,luckysevs,4,0,2029,5810,0
do nt ride the unagi not fun ,d00x16l,food,lifestyle,1455562004,tepkel,11,0,480,16825,0
have my children ,d00x60g,food,lifestyle,1455562194,Scrubmeester,1,0,1,245,0
i want some now ,d00x789,food,lifestyle,1455562240,romes8833,2,0,108,44114,1
you had me at lit fireplace  but the magic ball looks awesome  too   ,d00xd76,food,lifestyle,1455562482,failfastfailoften,207,0,13,36152,0
this is one of the few instances where it looks just as good as it did in the video,d00xlpf,food,lifestyle,1455562816,The_True_Bobie,2344,0,1,2387,0
that meat looks dry and white ,d00xo9q,food,lifestyle,1455562917,conspiracy_thug,-4,0,58278,108349,0
i want to go to there,d00xsmm,food,lifestyle,1455563087,motivationx,8,0,1,526,0
as my grandfather would say   it will eat   ,d00xy0k,food,lifestyle,1455563299,ChilliWillie2425,43,0,1,44,0
that looks terrific  ,d00xyo4,food,lifestyle,1455563325,LisatheGnome,9,0,1,5208,0
chicken parm you taste so good ,d00y30w,food,lifestyle,1455563498,sudsbear54,9,0,1,10,0
i can already feel the burn  it fees so good,d00y7zx,food,lifestyle,1455563692,fistisalsoanadverb,1,0,1,893,0
had lobster tails last night too was gon na go for the same presentation but got lazy and just boiled em up was delicious ,d00ygi3,food,lifestyle,1455564029,angrybiter,2,0,104,1944,0
man  this brings back memories of living in the fl keys and grilling lobster every night  during season of course ,d00yj4p,food,lifestyle,1455564136,dinglebarry9,1,0,0,0,
why do nt american s eat eel  in the south there are freshwater eels everywhere i wonder how they taste ,d00yoj5,food,lifestyle,1455564346,ThrowGoToGo,5,0,0,0,
chicky chicky parm parm  ,d00ys0u,food,lifestyle,1455564483,F3mshep,6,0,256,1356,0
that s vegan right ,d00z037,food,lifestyle,1455564804,fakeabuela,-4,0,1,128,0
 rainbow dash approves   http  img05deviantartnetdc36i201221368happy_dashie_is_best_dashie_by_mrlolcats17d57726fpng ,d00z2nb,food,lifestyle,1455564907,epzik8,0,0,930,7517,1
it looks slightly overcooked but i m sure it still tasted amazing ,d00z524,food,lifestyle,1455565006,mjisbest,0,0,136,4786,0
http  imgurcomxpki8nr made one for my girlfriends birthday last year  was nt that hard to make but needs a lot of food coloring  can turn your shit green if you eat too much ,d00z5uq,food,lifestyle,1455565037,Fireman1469,6,0,1,7,0
how d you keep it lit ,d00z68v,food,lifestyle,1455565052,MoreCowbellllll,2,0,234,9891,0
that looks great  mine was much more disappointing i should nt have tried on valentine s day ,d00z6t4,food,lifestyle,1455565075,quit_yer_whinin,165,0,27,23738,1
i made it with the x on top  but i put it in a bowl so it imploded instead of opening like a flower ,d00z6yi,food,lifestyle,1455565081,remotefixonline,445,0,15907,37776,1
nailed it,d00z9dg,food,lifestyle,1455565175,jstrydor,100,0,155163,625025,1
have any pictures of the point  this appears to be the flat ,d00zj0t,food,lifestyle,1455565562,Redebo,1,0,1340,36493,0
that looks amazing  but to say that you like it spicy would be an understatementholy crap ,d00zl0f,food,lifestyle,1455565639,bojiggidy,4,0,67,11528,0
i love lobster and grilling but am always scared to try grilling lobster in fear of ruining it do you grill it in shell  looks like the bottom is more charred then the top  is that side cooked down longer  average times ,d00zl3h,food,lifestyle,1455565643,XelaSiM,1,0,0,0,
would you mind posting how you did it  last time i bbq d some lobster tails they came out kind of dry ,d00zlwh,food,lifestyle,1455565674,Dick_Ripley,1,0,1,589,0
looks good recipe ,d00znrt,food,lifestyle,1455565747,txter,2,0,0,0,
recipe ,d00zqgt,food,lifestyle,1455565860,Ltassi,2,0,24,1127,0
i had venison schnitzel with spaetzle at a german restaurant in windhoek  namibiamy first experience with german food  and it was absolutely fantastic now i m hungry ,d00zqo7,food,lifestyle,1455565868,bojiggidy,1,0,67,11528,0
your wife looks like a dude,d00zr5q,food,lifestyle,1455565887,jack-grover191,783,0,1,2905,0
looks incredible but this is like 4 meals  worth of food ,d00zsg9,food,lifestyle,1455565936,vodkaradish,1,0,127,8681,0
do nt get addicted  you ll be on patches forever ,d00zsii,food,lifestyle,1455565938,Another_Wan_Kenobi,1,0,1,254,0
looks like you smoked it on a little too high a temperature smoking   cooking per sey get the final cook at the end anyhow  the smoke ring is very narrow so it was nt smoked long enough to get the smoke flavor very deep into the meat ,d00zuq1,food,lifestyle,1455566029,HappyJay90210,6,0,1,4,0
psa  brisket prices will go to the next month since st patrick s day is coming up costco already is selling  flat  cut for  799lb ,d00zwsw,food,lifestyle,1455566118,AsksAboutCheese,1,0,883,3329,0
keep your head up  you ll get it right one of these days ,d00zx5s,food,lifestyle,1455566132,holichit,2,0,1,30,0
that s so gay ,d00zyno,food,lifestyle,1455566193,holichit,6,0,1,30,0
i love unagiso yummy    my local fish market will kill the unagi for you if you ask  cause i m a wussy ,d01015s,food,lifestyle,1455566292,PigeonDrivingBus,0,0,92,6084,0
i would love the recipe for your chicken parm  looks delicious,d0101dm,food,lifestyle,1455566301,ndatoxicity,1,0,0,0,
 rock  lobster  rockspiny lobsters are quite good  and possibly much more affordable but actual atlanticmainenorthern lobster is a completely different animal more succulent  better texture and flavor ,d0103zp,food,lifestyle,1455566407,FoneTap,2,0,3112,43621,0
ya i spent 2hrs trying to make the ball yesterday ended up with a really expensive puddle of white chocolate nice work man what you shove inside the ball ,d01063v,food,lifestyle,1455566492,RambledMan,71,0,1,130,0
you have a gift  i d look at some culinary schools if i was you ,d010762,food,lifestyle,1455566534,Coelacanth1938,11,0,4,1467,1
why take out the seeds ,d0108gw,food,lifestyle,1455566590,yellow_yellow,2,0,2075,2057,0
measuring cup   dude  you went this far and di nt think of every detail  ,d010a8l,food,lifestyle,1455566664,1HopHead,18,0,14913,3067,0
wait is there a colour missing  looks good though,d010b8c,food,lifestyle,1455566703,SudoWithCheese,3,0,1,42,0
bleh  dry schnitzel i always have mine with some kind of so  e  j  ger  preferably ,d010c5v,food,lifestyle,1455566741,toryhallelujah,-2,0,6755,19452,0
i like that it s rainbow but it looks normal i m from brooklyn and my stomach felt weird after eating one of those rainbow bagels that went viral a week or two ago  you have awesome friends ,d010cme,food,lifestyle,1455566759,ManateeMakeover,7,0,1,312,0
bravo if my husband did that for valentine s day  i d be  super  impressed ,d010e2j,food,lifestyle,1455566816,SunshineLemonade,39,0,1,663,0
looks amazing what did your wife say ,d010pct,food,lifestyle,1455567275,o_snap_its_chlamydia,7,0,1,1632,0
awwwwww,d010s01,food,lifestyle,1455567383,bondongogs,5,0,0,0,
love the pastel colors ,d010w97,food,lifestyle,1455567552,s0berBeauty,3,0,22,93,0
reference  that looks delicious,d010yku,food,lifestyle,1455567647,YouSirAirOr,21,0,0,0,
https  youtubegp7zbvplei4,d0110lt,food,lifestyle,1455567725,metallica594,2,0,0,0,
yum ,d0113bt,food,lifestyle,1455567838,squireofrnew,2,0,1387,7579,0
i m wearing that exact same shirt   useless_but_true,d0116y3,food,lifestyle,1455567984,xbInsayn,27,0,1,41,0
was nt the original reversed  white chocolate ball with chocolate drizzle  yours looks better ,d0121iw,food,lifestyle,1455569190,newmominnewcity,3,0,1,6,0
i could nt even find a plastic orb so i ended up using large plastic easter eggs then when i went to take it out the damn thing did nt seam together so i used halves  which then broke  all in all not my best but my fiance loved it anyway so who cares,d0128ie,food,lifestyle,1455569461,Breimann,8,0,6211,7803,1
surprised this is nt in the comments already how would you prevent this  colder chocolate ball  really hot sauce ,d012dbr,food,lifestyle,1455569652,ELI5_MODS_SUCK_ASS,16,0,75,9995,0
schaut richtig lecker aus ,d012qft,food,lifestyle,1455570169,derpysnerp,1,0,4405,18362,0
chicken parm is my favorite,d012tbg,food,lifestyle,1455570287,extima,1,0,0,0,
that cake looks so rich skittles taste the raindow,d012ucd,food,lifestyle,1455570328,extima,2,0,34,41,0
smoked       practice makes perfect still looks good though,d012wjw,food,lifestyle,1455570419,extima,1,0,34,41,0
your food looks amazing you should really try to further that,d012z7j,food,lifestyle,1455570527,extima,6,0,34,41,0
you didnt smooth the edges with a warm spoon,d01322n,food,lifestyle,1455570646,AlexSmythe,16,0,4682,8951,0
nice ,d0134vm,food,lifestyle,1455570760,Thrannn,2,0,3630,25013,0
this is so awesome any recommendations for someone without a spice grinder ,d013du4,food,lifestyle,1455571120,fsburk,1,0,1,2725,0
spermtastic,d013kt8,food,lifestyle,1455571407,nem012,5,0,1,426,0
recipe ,d013yc6,food,lifestyle,1455571959,bellybuttonbacteria,1,0,212,153,0
ahh yes the cheese noodle thingy aka mac and cheese  emmental  ,d013zqy,food,lifestyle,1455572018,chorey,1,0,1,156,0
i hate pistachio flavored stuff  but that is gorgeous,d0144gw,food,lifestyle,1455572215,milkyturtle,2,0,265,3262,0
the filling of this dessert made me think of this  lad   https  wwwyoutubecomwatch  v  wyx_zhltdr8 ,d0146mg,food,lifestyle,1455572299,JingleMyDingles,2,0,1,26,0
i m a 25 year old female but i would like to be your husband please ,d014b02,food,lifestyle,1455572478,Amieisrad,7,0,3335,3037,1
definitely get back into a proper kitchen asap  even if it s a diner or something like that  anything that allows more leeway than fast food  you re talented ,d014u4k,food,lifestyle,1455573246,Spongebobs_Asshole,5,0,67,11297,0
my only critique is that you poured from too high up get the sauce very hot  and pour low you lose a lot of heat as it travels through the air and you get some splash when it lands  so you do nt get as clean of a cut through the ball ,d014w5l,food,lifestyle,1455573327,meddlingbarista,3,0,0,0,
ok  you cant use the white chocolate as a sauce becuase the white chocolate is basicaly cacao fat  milk  sugar  vanilla  atleast a good one   so it melts at a lower temperature and has a much lower viscosity  while the dark chocolate has more cocoa solids so it tends to be thicker while a white chocolate ganache is more liquid at warm temperatures  if you want this to work right you need your ganache  a mixture of chocolate and cream  to have a certine thickness and creaminess which white chocolate does not have at the temperature required to melt dark chocolate  so tl  dr using dark chocolate ganache to melt white chocolate  gt  amazing  using white chocolate ganache to melt dark chocolate  gt  fucking disaster ,d015bhj,food,lifestyle,1455573964,Aevum1,36,0,10609,38002,0
is no one else seeing a chocolate death star  great job  op ,d015wpi,food,lifestyle,1455574861,sloane_of_dedication,2,0,1,1,0
close enough lol,d015y3b,food,lifestyle,1455574917,captainreddo,2,0,7,1,0
one of my favorites  ,d0162ao,food,lifestyle,1455575090,TechCrazy3,1,0,22,35,0
where are people getting fresh fruit this time of year  lol i live in a desert,d016n5k,food,lifestyle,1455575975,Fuegopants,2,0,2545,2725,0
had a long layover in narita last year and went into town the unagi was really good  and there s a cool temple there too definitely recommend it if you have a 4 hour layover ,d016pnt,food,lifestyle,1455576084,CheesyEddie,1,0,50,155,0
the second dish actually warmed my heart with all that ciabatta and cheese and warm tomato oh god,d017bax,food,lifestyle,1455576997,throwawaywaywayout,3,0,131,484,0
ingredients 2 cups chicken broth 1 tsp salt 4 chicken breasts 4 eggs  beaten   cup flour 1 cup panko 1 cup shredded parmesan cheese  tsp salt  tsp black pepper directions 1 make brine for chicken by dissolving salt with chicken broth in a medium bowl cover chicken breasts with plastic wrap and pound each one to about 12 inch thick with a kitchen mallet if breasts are large  you can cut them in half add flattened chicken to brine cover and chill for 3 hours  2 when chicken has marinated  remove the fillets from brine and dab with paper towels to remove excess liquid beat eggs in a medium bowl  and pour flour onto a plate combine breadcrumbs  parmesan cheese  salt and pepper in another medium bowl to bread the chicken  first coat each fillet with flour  then egg  and then the parmesan mixture rest  3 add enough oil to cover the bottom of a large saute pan  and heat over mediumlow until hot saute each breaded chicken fillet in oil for 45 minutes per side or until brown  4 cover with marinara and top with a slice of provolone  5 place in broiler until melty and delicious,d01862l,food,lifestyle,1455578331,Ragingsquism,3,0,5682,4278,0
 deleted ,d018ecp,food,lifestyle,1455578699,[deleted],1,0,0,0,
wahwah i think  i am going to try that thing  but where ,d018nki,food,lifestyle,1455579109,ajarinnet,1,0,1,3,0
looks pretty great wish they had it like this where i live but the sushi is good enough for now i guess ,d018uu6,food,lifestyle,1455579430,RandyTheGod,1,0,11,190,0
you spent so much time wondering if you could  you never stopped to ask if you should ,d0192w3,food,lifestyle,1455579783,gatorbait67,10,0,357,985,0
wow  that looks amazing well done ,d0196zx,food,lifestyle,1455579967,Shaunizzle42,1,0,1,1572,0
close enoughhell  that s fuckin  perfect ,d019zos,food,lifestyle,1455581245,SurfinPirate,2,0,0,0,
i like your fireplace,d01a4t6,food,lifestyle,1455581477,MA0801,3,0,128,1373,0
 removed ,d01a6of,food,lifestyle,1455581563,[deleted],2,0,0,0,
hah i did this too  i used 2 balloons and pieced together the two halves when i dipped the ballons the first time i felt that it was nt thick enough to survive  so i put it in the freezer  cured it  then dipped it again  when i went to pour the hot chocolate on it did nt do a damn thing  my wife was sitting there like what s it supposed to do  so i panicked and just stabed it with a fork  annnnnnd the fork got stuck  so i had to walk to the kitchen and grab a knife  annnnd the knife got stuck too  so i just started beating the shit out of it with a big spoon when it finnally broke except it did nt just break  it fucking exploded everywhere  little chocolate prices went flying all over the room and melted in the freaking carpet  that god damn chocolate egg was a tank  the wife still appreciated the effort after i cleaned the carpets lol ,d01a8c2,food,lifestyle,1455581638,toaster427,35,0,5,7963,1
upvote for effort op,d01a9i4,food,lifestyle,1455581691,Shanghai1943,2,0,1185,9107,0
some day i am going to put a couple shrimp on the barbie ,d01akj6,food,lifestyle,1455582186,Johnnyfiftyfive,1,0,15,19247,0
is nt that just a uncut sushi roll ,d01b2nd,food,lifestyle,1455582994,krazekidg,4,0,1444,21188,0
is nt that just a uncut sushi roll ,d01b2nk,food,lifestyle,1455582994,krazekidg,1,0,1444,21188,0
awww  this is incredibly sweet     no pun intended ,d01b9kt,food,lifestyle,1455583313,Octoberless,2,0,1,114,0
is it ticking ,d01brhw,food,lifestyle,1455584121,Falstaffe,0,0,4155,66990,0
very nice  ,d01bun3,food,lifestyle,1455584261,Amanda_76,2,0,1,46,0
is it just me being stupid or that looks almost exactly like in the original post ,d01byzb,food,lifestyle,1455584462,recca_shi,2,0,1,369,0
your hand looks like a delicious brisket,d01c08i,food,lifestyle,1455584516,bluntninja13,1,0,30621,5211,0
idk dude that shit still looks pretty amazeballs kind of thing i d expect from a restaurant ,d01c116,food,lifestyle,1455584553,1.44896E+19,2,0,1,174,0
love it  i just saw how to do that the other day too cant wait to try it out ,d01c5s8,food,lifestyle,1455584763,My_Financial_Pride,2,0,0,0,
what do you mean close enough  you fking nailed it,d01ccwt,food,lifestyle,1455585067,pieonalion,2,0,13,120,0
looks great ,d01cd6x,food,lifestyle,1455585079,RubiksTestTube,2,0,1,1653,0
gorgeous cook on that lamb  very nicely put together  ,d01cvbe,food,lifestyle,1455585867,InflatedBlack,1,0,1,144,0
priceless  not sure if i fucked up  face,d01d49g,food,lifestyle,1455586253,Chiakii,2,0,1,2972,0
i rate it m for magic ,d01d8bm,food,lifestyle,1455586435,scotchosaka,2,0,9684,6141,1
great looking food  i hope you find your way to a better job soon just keep on keeping on ,d01e0f7,food,lifestyle,1455587654,dickcissels,2,0,244,4889,0
recipe for those interested  this is a loose adaptation  created myself  of a homonymous dish at the marietta diner  in marietta  ga  prep time  10 min cook time  30 min 1 box of 12 mrs t s brand potatocheddar pierogi 1lb of chicken breast tenderloins half of a small yellow onion  chopped 1 red bell pepper  chopped about a cup of fresh spinach  chiffonade 2 cloves garlic  minced 1 cup half and half 1 cup milk 2 tablespoons butter 4 tablespoons olive oil  divided in half 2 tsp ap flour 12 cup romano cheese 12 cup shaved parmesan cheese green onions for garnish add 2t oil to large stainless pan  heat over medium high  add frozen pierogi cook for 68 min per side until golden brown on both sides  set aside in same pan  add the remaining oil  same heat  add the chicken tenderloin saltpepper to taste  turning after 34 min  lightly golden on both sides  set aside set oven to broil add onions and bell pepper to pan  over medium high  saut  for 6 min  add spinach  cook for 4 more minutes add butter  add garlic  cook 2 min until fragrant  add flour  stir to combine  cook 1 min add half and half slowly  allow to come back to a simmer  add milk slowly  bring back to a strong simmer simmer for 2 min  add the romano cheese  stir to combine add pierogi back to pan sauce  stir to cover  reduce heat and simmer for 12 min while slicing chicken  add chicken to pan  turn off heat  stir  plate the pierogi  chicken  sauce  and veggies in a stone ware bowl liberally sprinkle shaved parmesan and romano over dish  place in oven directly under broiler for 3 min or until golden brown garnish with green onions  and a little shaved parm ,d01e31g,food,lifestyle,1455587769,deepsouthsloth,3,0,778,11430,0
wow  that looks soooo good  edit  what s it like in dublin  i have always pictured it as mostly rainy with quaint little bars all over the place serving fish amp  chips someplace where you would walk to go get your groceries and buy fresh bread etc and have a pot of stew over an actual fire in the fireplace yeah  i have daydreamed of living there  but with zero facts  p,d01eb49,food,lifestyle,1455588121,M00n,1,0,1,675,0
i would enjoy hearing more about this dish ,d01fvbo,food,lifestyle,1455590564,oxenmeat,2,0,1,188,0
try adding some corn to chili  fresh off the cob  adds that little sweet crunch  you put it in last looks freaking good  it was 40 here this weekend  i could of used a bowl of that ,d01g07x,food,lifestyle,1455590781,Syko_PAT,2,0,1,805,0
are you spelling frasier wrong and making a cake unrelated to frasier  or is fraisier something else,d01grqd,food,lifestyle,1455591981,RhythmaticSpazms,2,0,1,913,0
i was picturing frasier making it in a hurry because he had promised someone a cake or something  but then i saw it was much too elegant for him  besides  i would have remembered an episode with him and i cake i think ,d01gy0c,food,lifestyle,1455592254,M00n,3,0,1,675,0
looks amazing have you come across sushiritto  some of their stuff is awesome  http  wwwsushirritocomfoodsf,d01hshq,food,lifestyle,1455593606,Lrat,2,0,1,619,0
steak  pat steaks dry  season well with salt and pepper  cook 4 min per side in a hot pan let rest 5 min  sandwich  cut hoagie rolls open but leave them intact  pull out some of the doughy interior from each side mix up some sriracha mayo and slather some on the bottom of rolls top with cilantro  pickled jalape  o and carrot slices and a handful of steak with some juice close roll and since in half  romanesco  chop florets off of core  halve if large toss with a little olive oil and cook in preheated 425 oven for 15 min  turning regularly to avoid over browning when done  toss with prepared nuoc cham  lime juice  fish sauce  sugar  water  plus a little sambal or chopped thai chile  and some chopped mint toss with puffed rice cereal  i toss with five spice and toast in a pan first   props to david chen for the inspiration for this recipe ,d01hssk,food,lifestyle,1455593621,Buehler-buehler,1,0,14812,4743,0
very nice ,d01i0hb,food,lifestyle,1455593968,CajunBmbr,1,0,1342,1086,0
nice food tasty food good for eyes  lungs  heart tasty  so sweet deliciuous  mouthful tasty crunchy  so pure grilled nicely  so sweet ribs please plant more trees  please plant them more ,d01iju6,food,lifestyle,1455594829,etimejumper,0,0,7,100,0
ooh  that looks delicious  and nice  thick cuts of beef ,d01isw1,food,lifestyle,1455595242,JohnQuicyAdams,2,0,1,14263,0
i ve never had a bad reuben before,d01j2ku,food,lifestyle,1455595694,OaklandCali,2,0,1,111,0
method  instructions ,d01jftd,food,lifestyle,1455596318,__tmk__,1,0,340,8126,0
why is it so overcooked ,d01jpej,food,lifestyle,1455596766,Habsfan08,3,0,1,160,0
i thought that said used and i wondered where you got a used steak ,d01jpm6,food,lifestyle,1455596777,YouWantALime,20,0,1862,59436,0
awfully cooked for a manny s steak ,d01jq0x,food,lifestyle,1455596797,moto_bandit,7,0,94,1827,0
looks like they ran out of steak and had to make a trip to the grocery store ,d01jsvc,food,lifestyle,1455596933,Twatty_too_hotty,3,0,1,416,0
congrats  croissants are not easy  nor quick to make pro tip  you can make them  shape them  an then freeze them before you let them proof  rise  for weeks i used to snag frozen ones from my bakery and stash them in my freezer at home until the night before,d01jt62,food,lifestyle,1455596949,ShelbyFrancis,2,0,59,191,0
http  wwwhaistreetkitchencom,d01k1oq,food,lifestyle,1455597363,JHG722,1,0,1,344,0
bryan ,d01k3bd,food,lifestyle,1455597447,GallifreyanTool,1,0,187,1339,0
recipe  insights and tips  been wanting to try my hand at croissants for a while anything to help avoid mistakes would be greatfully appreciated  edit  just saw in your xpost that your recipe was from america s test kitchen ,d01k8o1,food,lifestyle,1455597726,MiserableFungi,2,0,363,3974,0
i admire your patience baking can be such a pain  but really rewarding if it turns out tasty  then it s all the more validating for those hours of work you put into the food congrats   ,d01kci8,food,lifestyle,1455597928,typical-tyrannosaur,2,0,0,0,
just tell me is it worth it and source please for science,d01kl9l,food,lifestyle,1455598389,goodhotchill,-1,0,11958,76548,0
rreubens,d01l6mp,food,lifestyle,1455599567,acannon,1,0,592,18378,0
cucumber  daikon ,d01lcrq,food,lifestyle,1455599914,JHG722,1,0,1,344,0
fuck me  that s amazing can you please put instructions and recipe that looks incredible,d01len3,food,lifestyle,1455600020,jeb_manion,1,0,4,5750,1
orange blossom oil in the white chocolate ganache filling this is my 6th or 7th batch such a frustrating learning experience  a finicky pastry  indeed ,d01lj1t,food,lifestyle,1455600273,mccandel,23,0,546,1022,0
want ,d01lkx1,food,lifestyle,1455600378,VolcanoKS,1,0,1,64,0
the meat was pre packedbrined outside rub was coriander  dry mustard  pepper  smoked paprika  garlic  and salt smoked for 7 hours  next time we will brine it ourselves but we had a hell of a time finding a brisket at the store we tried for 2 weeks before we finally bought this to try it was so good though  ,d01lvqe,food,lifestyle,1455601011,killercherry99,2,0,4118,557,0
serious question i thought smoked corned beef with an outer coating of black pepper was pastrami anyone know the difference between corned beef amp  pastrami ,d01lzo0,food,lifestyle,1455601249,OaklandCali,6,0,1,111,0
oh wow that does actually look perfect,d01m3ol,food,lifestyle,1455601498,Ryuzakidaemon,13,0,154,3236,0
how much was the wagyu per lb ,d01mhwp,food,lifestyle,1455602403,RecipeRack,2,0,3558,203,0
i could chipotle going asian and making these ,d01mizz,food,lifestyle,1455602474,RecipeRack,1,0,3558,203,0
you over paid by  50 ,d01mjyr,food,lifestyle,1455602538,moreno2729,12,0,1,8,0
those look near perfect  nicely done a,d01mo6u,food,lifestyle,1455602808,RecipeRack,2,0,0,0,
is there by chance a recipe  these look absolutely lovely ,d01n73e,food,lifestyle,1455604070,nakednark,3,0,572,6004,0
wow  legitimately impressed only food i have tried and failed at and those look really well executed ,d01nmiu,food,lifestyle,1455605181,nomstrom,2,0,1,1,0
carrot cake has always baffled me  it tastes good yet it s made using vegetables ,d01oqvo,food,lifestyle,1455608445,PM_ME_XBOX_MONEYCODE,0,0,1,2906,0
ah nothing says classy like pyrex ,d01ovyw,food,lifestyle,1455608894,cjt3007,2,0,201,1195,0
you can polish a turd ,d01ox26,food,lifestyle,1455608993,Oh_Stylooo,0,0,1,13223,0
i ve never eaten a macaron what do they taste like   they look good ,d01oz8e,food,lifestyle,1455609191,ZenKusa,7,0,43,3659,0
damn this could make me go vegan ,d01p4a6,food,lifestyle,1455609654,schoolreddit0809,5,0,1,4,0
damn nice attempt  ,d01pb9s,food,lifestyle,1455610304,runamonk,2,0,140,350,0
yummy,d01q3ti,food,lifestyle,1455613202,john0019,1,0,4066,14,0
damn you  how hard are they to make compared to  lets say a choco chip ,d01segj,food,lifestyle,1455622570,Phrankespo,2,0,1,4191,0
can i have one  that looks amazing ,d01set9,food,lifestyle,1455622606,Chadilla,1,0,1,46,0
croissant is hard if you can make croissant  you are a baker  favorite thing in all the world  croissant with bitter orange marmalade ,d01slx2,food,lifestyle,1455623343,TournedosRossini,3,0,1,114,0
always heard these were incredibly hard to make good job  a spot in my city makes the most delicious pistachio macarons i will have to try this on my own some day ,d01stlt,food,lifestyle,1455624104,allwhitebuffies,5,0,1,113,0
what cut is that  how many pounds  does nt look over cooked  i like mine charred a bit more on the outside and a bit more raw on the inside it looks good  though  hope it was worth it ,d01sw3t,food,lifestyle,1455624353,allwhitebuffies,3,0,1,113,0
this just makes me so hungry ,d01sz2e,food,lifestyle,1455624636,czy85,29,0,26,13906,0
that s austrian but looks very good  normally you do not combine these two haha but great idea to not starve for about 2 days haha,d01u7di,food,lifestyle,1455628301,brzdabrzda,1,0,1,0,0
when macarons are baked the top shell layer of the macaron cooks and it means that the macaron can no longer expand and must rise up  this forms a frilled ruffle or foot that macaron has the most perfect feet i think i ve ever seen no expansion out  just straight up seriously impressed and envious ,d01uaeq,food,lifestyle,1455628524,almostelm,12,0,7721,24594,0
this looks insanely tasty ,d01uh9p,food,lifestyle,1455628999,ToukoAozaki,1,0,929,182,0
vietnamese banh canh ingredients about 23 lbs of pork neck bones you can use ribs cut into individual bone pieces or asian style riblets as well why not both  about 6 quarts of low sodium chicken broth i cheated and used better than bouillon for this batch  3 large yellow onions  1 large ginger root  about 6 inches   1 large nugget of rock sugar or 2 tablespoons of regular sugar fish sauce to taste garnish 1 tablespoon annato seeds 12 cup vegetable oil thin sliced onions chopped cilantro chopped green onions fried onions directions bring pot of water to boil  add pork to the pot stir around for about 1 minute  remove ribs and rinse with cold water use your hands and rub away any scum that may still be clinging to the meat  add the ribs to a large stock pot  place the onions and ginger over a direct flame or under a broiler do this until they get blackened and charred flip and make sure the char is all over  add onions and ginger to the pot  add the chicken broth to the pot if you are using water and chicken bouillon  try to star with cold water  add the sugar to the pot  bring the pot to a low boil over medium heat  skim the surface of any scum that rises every 10 minutes or so do this for the first 45 minutes after that just skim if you see a lot of foam and crud at the top  let the pot sit just below a boil and reduce for around 3 hours meat should almost be fall off the bone tender  taste broth and add fish sauce if you need more salt add sugar if you need more sweet  prepare annato oil by putting the seeds and oil in a microwave safe bowl  cover bowl with a plate and microwave 30 seconds at a time the red color will leach into the oil stir around repeat for 30 additional seconds and stir once the oil has a good red color  scoop out the seeds  serving you should use vietnamese banh canh noodles for best taste they look like thick udon noodles you can also serve with vermicelli or rice swish the noodles in some boiling water until soft  drain and place in bowl add various pieces of meat to the bowl if you want  you can add cooked shrimp sliced in half as well as sliced cha ca or cha lua drizzle with a little of the annato oil garnish with onions  cilantro  green onions  fried onions and a squeeze of lime ladle the broth into the bowl ,d01uwih,food,lifestyle,1455630017,Pocket_Monster,1,0,5237,5235,0
looks good from here right on  man ,d01v20h,food,lifestyle,1455630377,Stows39,1,0,1,259,0
i was gon na say those look like huge caviar tins  then i discovered the half sized bottle of bubbly ,d01v2mb,food,lifestyle,1455630417,drDOOM_is_in,4,0,27900,35977,1
rmacarons,d01vnd6,food,lifestyle,1455631680,TheShadyGuy,7,0,382,2499,0
a great way to perk up a dismal weekend we had such crummy cold weather this weekend in dc and this hit the spot ,d01vpjb,food,lifestyle,1455631806,Cgrebel,2,0,42,94,0
portuguese food  the best  d,d01w6jg,food,lifestyle,1455632777,vanessacsp,2,0,12,53,0
mmmmm i love wagyu now i m going to be on a mission to find it locally ,d01wgec,food,lifestyle,1455633306,cmc8290,1,0,24,7677,0
you enjoy fish eggs i ll eat the fish like a normal person,d01wggc,food,lifestyle,1455633309,eatinhotpockets,-10,0,1,39,0
all over cooked ,d01wh4k,food,lifestyle,1455633346,4amjerk,-37,0,6047,3117,0
think i prefer the geordie method,d01wmrq,food,lifestyle,1455633645,jonnyfgm,1,0,0,0,
beautiful  what was the main issues you had with previous batches ,d01x9sh,food,lifestyle,1455634801,RadioactiveGreenTea,2,0,1,4,0
upvote for being from minnesota ,d01xl9u,food,lifestyle,1455635366,Rando9,2,0,1606,3537,0
recipe ,d01xsgi,food,lifestyle,1455635710,TurloIsOK,91,0,1,7838,0
this was my first time making pasta and it turned out really well the recipe is  100g allpurpose flower 1 large egg a pinch of salt  this is the guide i used to roll out and prepare the dough   https  wwwcooksillustratedcomfeatures8544howtomakehandmadepastawithoutamachine  it was a spur of the moment decision to make it  so i was nt prepared with a good sauce or anything  but it turned out very good with some store bought marinara and ground turkey  finished product   http  iimgurcomwyem5hkjpg ,d01yjtl,food,lifestyle,1455636957,jammin1024,3,0,137,1639,0
looks like franklin s in austin  can confirm it is amazing ,d01yphr,food,lifestyle,1455637210,rileyluck,19,0,1407,1878,0
looks really ggod but ca nt help htink you just wasted some hella good steak by eating it in a sandwich rather than as a fillet by its own ,d01ypuq,food,lifestyle,1455637227,PumaKush,11,0,602,351,0
great looking meat i like mine sloppy though  with lots of sauerkraut and dressing ,d01yqhb,food,lifestyle,1455637254,UltimateRoman,3,0,3,209,0
i am very upset at the lack of instructions and links here ,d01yt8e,food,lifestyle,1455637378,tried_it_liked_it,1,0,14,12502,0
amazing footing,d01z6w9,food,lifestyle,1455637964,ovrd,2,0,1,23,0
fuck me why was i born in a vegetarian family  ,d01z87m,food,lifestyle,1455638021,KushGangar,3,0,1731,19173,0
color looks great  but i ve got some tips for the next time you grill some more tails  my first and best advice i could give you is for grilling any type of lobster tail  you ll want to cut it like a  wishbone   https  c7cf1aee0f9592118cd345a8e764187dff1857a6ffe8280848dcsslcf2rackcdncomuploadsimagescropped688_37453a357d1c3620_lobster  20tail  203  20v2jpg  this way you can grill the meat directly  facedown  without causing the tail to overcurl and avoid burning too much of the shell  if you are going to grill where the tails fluff out  be sure to pull down the sides of the tail  make small incisions if you have to  otherwise you ll keep ending up with that flared look  other than that  looks like you did an amazing job  hope they tasted as good as they look ,d01zvqf,food,lifestyle,1455639012,PrelateFenix,2,0,1,4126,0
looks like i may need a sick day this week to go and get some bbq ,d01zzvq,food,lifestyle,1455639182,boyerling3,2,0,22,3355,0
perfect bbq is when you do nt need any sauce,d0203bt,food,lifestyle,1455639321,CriminalDicks,0,0,1,-7,0
put a picture of some burnt ends in there if you like to eat samples you literally get a meal of sample meat and it s delicious,d02054c,food,lifestyle,1455639397,dangondark,16,0,2,1789,0
looks juicy shame it s cooked mediumwell ,d020aqe,food,lifestyle,1455639629,bobdolebobdole,1,0,525,23233,0
quite possibly the most outgregious false advertising ever the recipe lists 4 ingredients  but fails to list water so now we re up to 5  and you added 2 more  bring the grand total up to 233  as many ingredients than advertised  on the other hand  your results speak for themselves nice work   ,d020q66,food,lifestyle,1455640250,deeperest,1049,0,85,66278,0
they look excellent  croissants are truly a labor  but they are so good i ve only made them a couple of times  but i have a hard time feeling motivated to do it again good job on letting them back to the proper color you see too many people afraid of getting a great deep color on their baked goods ,d0210qj,food,lifestyle,1455640671,AnotherDrZoidberg,2,0,34,14576,0
making various sushi dishes require a fair amount of intricacydelicacy and a reasonable amount of skill with a knife particularly if you start with a whole fish ,d0219v2,food,lifestyle,1455641030,Duttywood,1,0,115,7859,0
pretty good clickbait title  if you re concerned about not having fillers  buy the bricks of parmigano reggiano they are expensive but it s one of those times where the difference is pronounced ,d021h4b,food,lifestyle,1455641314,ness839,7,0,1331,46844,0
where does one purchase wagyu  it s been on my bucket list to try  but in all honesty i have nt done too much research as i assume it s a costly import for good reason though ,d021h4c,food,lifestyle,1455641315,SupremeWizardry,3,0,1,10511,0
taste buds and appetite going all crazy right now ,d021ifn,food,lifestyle,1455641365,pattybellecamp,-1,0,954,1,0
good job  would love to see it used in a dish,d021ik4,food,lifestyle,1455641370,Regallybeagley,2,0,41,55,0
exquisite  ,d021kcr,food,lifestyle,1455641438,bi33le,1,0,1,-3,1
looks very tastey macaroons intimidate me though one day maybe i will try my hand at them,d021kpw,food,lifestyle,1455641453,Regallybeagley,2,0,41,55,0
i make these every couple of weeks in the winter  never had a bad loaf   lahey bread   http  iimgurcomknq46tljpg ,d0223ro,food,lifestyle,1455642206,gatogrande,15,0,154,2273,0
and proceed to skimp on the meat in the sandwiches,d0227hd,food,lifestyle,1455642353,WillCookForSex,1,0,1,6238,0
i ve had good luck with this recipe as well super easy  overnight rising  and turns out super tasty ,d022dii,food,lifestyle,1455642591,brewphyseod,2,0,366,13098,0
brisket does nothing for me,d022yeb,food,lifestyle,1455643402,Rockyrambo,-6,0,18,41026,0
yummy  whats your recipe ,d022zbl,food,lifestyle,1455643436,teenagemutantangst,2,0,1,18,0
definitely franklin s bbq in austin ,d0232iu,food,lifestyle,1455643557,Virtikle,2,0,3617,7083,0
i ve never seen kansas city spelled with a tx ,d02360h,food,lifestyle,1455643692,the_real_abraham,-9,0,32,1622,0
bavarian here  i love bread and while in america i miss eating it so this was good reading and will give it a try have a look at  der b  ckerberater   https  wwwyoutubecomwatch  v  rs5onmfzzuy ,d023i92,food,lifestyle,1455644152,ccc1912,20,0,5,101,0
jealous also surprised to see someone from denver use the term  hoagie roll   you from njpa ,d023igz,food,lifestyle,1455644160,PapaNickelz,1,0,209,667,0
so much of this is overcooked i m sad  ,d023k1d,food,lifestyle,1455644220,octopusnodes,-10,0,1,636,0
the thumbnail photo looks like someone s infected lips but wow that looks delicious  the food  not the infected lips ,d023n97,food,lifestyle,1455644346,lahockey2121,-5,0,153,1742,0
 sigh  unzips    https  mimgurcom8edyruu ,d023p2a,food,lifestyle,1455644418,jesuschristonacamel,5,0,792,10179,1
as 2014 pitmaster of the year  bbq magazine weekly  i say this is a dog shit piece of meat  over cooked mostly,d023qmw,food,lifestyle,1455644478,Rafmasterflash,-16,0,1,8,0
will you look at that  lunch time ,d023uvp,food,lifestyle,1455644640,maddata,1,0,135,23148,0
you overcooked the meat ,d02444d,food,lifestyle,1455644990,keepcrazy,-7,0,1,1214,0
can you show a picture of the inside of the macaron  the outside can be misleading as a novice macaron will be flaky inside the shell without this image  rfood can not tell if this macaron is good or garbage ,d02482k,food,lifestyle,1455645141,klavical,-2,0,236,2177,0
thank you for this ,d0249hc,food,lifestyle,1455645192,jefe06,2,0,1,223,0
great  now i want a  filetofish   https  mcdonaldscomausitesmcdonaldscomaufileshero_pdt_filetofishpng ,d0249j5,food,lifestyle,1455645194,ExquisitExamplE,2,0,141,3642,0
this is what my dreams are made of did you make the harissa from scratch  how did you prepare the sprouts ,d024bel,food,lifestyle,1455645263,retrouvailles26,2,0,10048,23897,0
the only real bbq is lexington style ,d024ckh,food,lifestyle,1455645307,koreanpopstarrain,-6,0,5644,38699,0
that looks sooo good  making me hungry i m going to do this next time i make pasta sauce ,d024cmd,food,lifestyle,1455645309,nerdcore72,2,0,7669,17571,0
i licked it ,d024ddc,food,lifestyle,1455645337,RepppinMD,1,0,199,3613,0
brisket is my fantasy food i ve never lived anywhere that had a place that was known for cooking it all the barbecue places around me only care about pork ,d024hf3,food,lifestyle,1455645490,esoteric_enigma,4,0,156,100406,1
it s actually jim lahey s recipe but it is super good his books my bread and my pizza are the best,d024kp4,food,lifestyle,1455645614,JungMonet,6,0,25,591,0
photographer robert jacob lerma learns how to take pictures with his phone ,d024kpu,food,lifestyle,1455645615,SinkInvasion,5,0,3,22,0
no knead bread   what black sorcery is this ,d024l6h,food,lifestyle,1455645633,RowdyPanda,6,0,1,2918,0
i made this over the weekend too  except now it s tuesday and it lost the crispy exteriorsolutions ,d024lhg,food,lifestyle,1455645644,ilovedogz,1,0,3,629,0
i m more curious about how that guy got that massive scar on his arm ,d024o5s,food,lifestyle,1455645746,Lupin_The_Fourth,1,0,4,171,0
sorry if this is a stupid question i m interesting in trying caviar  i ve never had it can you recommend what i should try and where to purchase  are online retailers a good source ,d024q2k,food,lifestyle,1455645816,Neoylloh,5,0,1,536,0
hey  i still have a couple hours til lunch break  screw you,d024sg6,food,lifestyle,1455645907,Joey2Tymes,1,0,11,11,0
this made me realise just how much i m missing out by not owning a barbecue grill ,d024ufb,food,lifestyle,1455645983,r0tekatze,2,0,18,1869,0
jim lahey  i have been making this for over 5 years now and from what i understand the original recipe from mr lahey was in the ny times in 2006 if you search google you can find quite a few variations   jalape  o cheese   http  wwwalaskafromscratchcom20140314jalapenocheddardutchovencrustybread  is my favorite  i wfh so i make a loaf every few days ,d024y3a,food,lifestyle,1455646125,theBigDaddio,41,0,242,3981,0
beautiful how did you prepare it ,d0254d0,food,lifestyle,1455646361,charnushka,6,0,1,8572,0
those pickled red onions though ugh  so good love them with bbq and had them with the best lobster roll ever ,d02564d,food,lifestyle,1455646427,cjohnson481,1,0,37,1384,0
oh my fuck,d02574a,food,lifestyle,1455646464,ILoveLamp9,1,0,38724,184541,0
interesting that it s actually  jim lahey    http  blogswearnetcomwpcontentuploads201506tpb10_amfa_lahey_june10p1splashscreen011024x576jpg  s recipe ,d0257pf,food,lifestyle,1455646486,professor_doom,30,0,24386,78646,0
i ve never heard of masami  wagyu  or even what coulotte is  however  that is a gorgeous piece of meat how did you cook it  op ,d0257zo,food,lifestyle,1455646498,PrelateFenix,3,0,1,4126,0
two things you can not skip 12 hours  and the dutch oven if you want more intense flavor  try a starter they are fun pets to feed if you have the time kneed your dough or do what chad robertson does  a turn method i do nt know the proper terminology  but if you do  there is a tighter shell around the bubbles giving the bread a better chew more gluten development if you look at the nyt video the bread has nice air bubble development  but like when my cousin makes it  large chucks will crumble around it i can not articulate it well  that being said  op  looks gorgeous ,d025gjj,food,lifestyle,1455646820,savemejebus0,1,0,65385,119089,0
wow  even perfect grill lines  kudos brother ,d025hyr,food,lifestyle,1455646873,ZachMartin,1,0,2937,10178,0
looks like it was cut from angels or unicorns ,d025j3c,food,lifestyle,1455646916,cjohnson481,7,0,37,1384,0
now that took some skills those are perfect ,d025kkg,food,lifestyle,1455646971,Me_1_Cancer_0,2,0,1,186,0
no knead to brag,d025mjh,food,lifestyle,1455647045,FerociousWombat,5,0,65,691,0
no crumbshot ,d025osy,food,lifestyle,1455647132,DrunkBotanist,51,0,489,6322,0
i always get my ratios off when making chili how much cumin did you use  and how big was the beef roast  do you use any other spices  or just the ground toasted cumin and dried chili powder ,d025qa5,food,lifestyle,1455647188,MannyCoon,1,0,608,787,0
i tried this last night and it came out super hard tasted like crap    guess im gon na have to try again   cant say curse words on this sub  freaking lame  man ,d025qvy,food,lifestyle,1455647210,SeekersWorkAccount,4,0,45,24318,1
sounds delicious,d025rjw,food,lifestyle,1455647235,Desiree_S,1,0,1,1036,0
looks delicious,d025t1v,food,lifestyle,1455647290,Desiree_S,1,0,1,1036,0
you made sandwiches with wagyu beef ,d025toc,food,lifestyle,1455647314,pm_ur_wifes_nudes,3,0,1,4665,0
ok so seriously the bark on those briskets look amazing  is that just salt and pepper usually  mine never looks like that ,d02606c,food,lifestyle,1455647556,nostaljack,3,0,1,320,0
that is an awesome cutting board where did you get it from ,d02638v,food,lifestyle,1455647670,Karamazov,44,0,228,7833,0
awesome,d0269a7,food,lifestyle,1455647901,rockacha13,2,0,1,344,0
nicely done  i will have to use that oven temp trick  often a portion of mine end up hollow but they still take decent pictures ,d026i0y,food,lifestyle,1455648225,Marconan,1,0,72,1244,0
bittman s  how to cook everything  is pretty much my bible i should give this a try ,d026ihu,food,lifestyle,1455648244,allothernamestaken,7,0,26,82261,0
that is the sexiest thing i have ever seen i m leaving my girlfriend ,d026je4,food,lifestyle,1455648276,Cool_hand_dude,2,0,7,239,0
you made steak sammiches out of wagyu  bruh,d026omg,food,lifestyle,1455648475,Southpawtn,4,0,3055,6008,0
beautiful how do ribs break down in the sous vide  may i ask how much your machine costs and what kind  cooking is my passion  but they are such expensive and limited real estate in my small kitchen ,d026yeb,food,lifestyle,1455648838,savemejebus0,1,0,65385,119089,0
no knead bread  i m curious how does that work ,d027029,food,lifestyle,1455648898,Likes_Shiny_Things,1,0,550,3805,0
how did you add the rosemary ,d0271zg,food,lifestyle,1455648971,Rpizza,1,0,6016,7883,1
hey looks great  whats the recipe please ,d02727h,food,lifestyle,1455648979,wax_dr_west,5,0,2456,1652,0
looks great  as others have also mentioned  this is also known as the  jim lahey no knead bread   what i d like to add is that his method of baking the bread dough in a cast iron works with virtually any bread dough  ie it does nt have to be the  no knead dough    here are  two   http  imgurcomokj5wdf   examples   http  imgurcom1fy2bjl  where i baked different doughs in the cast iron pot  both of them with sourdough  wheat sourdough and rye sourdough   works great every time   ,d0273ds,food,lifestyle,1455649021,Rtzlbrmpf,2,0,20,119,0
my wife does the no knead bread too and i ca nt recommend the book  flour  water  yeast  salt  enough it took her bread to the next level  things she does different though she mixes everything in her kitchenaid stand mixer and then proofs the bread in the oven by turning it on to 200c for 1 minute  maybe 2 if your oven is older   puts a shallow dish with hot water on a lower rack and then puts the mix in on a higher rack it proofs in 2hrs usually versus the 812hrs the noknead receipies recommends ,d0273th,food,lifestyle,1455649036,myairblaster,1,0,5701,6340,0
there s a difference between wagyu beef and  american  wagyu beef manami is  american  wagyu beef ,d0275vc,food,lifestyle,1455649111,Phosphoreign,-4,0,234,3615,1
snows bbq  it s like hot sex in your mouth  if you live near the austin area and have never had snows bbq  you owe it to yourself to take the hour long trip to lexington  tx open only on saturdays  they usually run out by noonbut it s the best in the state  http  wwwsnowsbbqcom,d0278gk,food,lifestyle,1455649207,frankenvader,1,0,1,129,0
this is awesome for deep dish pizza in cast iron  though this is in cake pans http  imgurcomaserzw,d0278zv,food,lifestyle,1455649226,spribyl,2,0,1758,1453,0
if anybody is interested  jim lahey made an updated version of his recipe cutting the fermentation time from 12 hours to 34 hours  http  cookingnytimescomrecipes1016271speedynokneadbread there is other ways of making the dough using olive oil instead of red wine vinegar  if anybody is interested http  wwwtbtamcom201207markbittmansspeediernokneadbreadhtml,d027apn,food,lifestyle,1455649291,FearlessDerek,12,0,1,8,0
nice photo and nice bread,d027d1g,food,lifestyle,1455649381,chopperdave47,1,0,406,842,0
the only garnish i need for my mimosa is a second mimosa ,d027inf,food,lifestyle,1455649595,kayoss_,3,0,1,280,0
i m a huge fan of composed salads like this looks very nice,d027tyz,food,lifestyle,1455650023,euripidez,3,0,4602,14087,0
you forgot to cook it,d027uuo,food,lifestyle,1455650057,WX_Z,-6,0,0,0,
well there s no knead to brag about it ,d028647,food,lifestyle,1455650481,YesAnotherCleverName,13,0,1560,61,0
recipe  stir 2 eggs  a tablespoon of louisiana style hot sauce and 2 cups of butter milk in a mixing bowl salt and pepper chicken  and add to buttermilk mix and leave over night  or at least 1 hour   in another mixing bowl add 2 cups of flour  a tablespoon of each cayenne pepper  smoked paprika  chilli powder  granulated garlic  onion powder  thyme  salt and pepper  coat chicken once in the flour mix and shake off extra flour dip chicken in the butter milk again and repeat with the flour mix  i used vegetable oil  but can use peanut or a mix   fill dutch oven half way with oil heat til 350 degrees  f  and add chicken a few pieces at a time fry for 1518 til golden brown and reaches appropriate temp in a third mix bowl add 4 tablespoons of brown sugar  3 tablespoons of cayenne  one each of paprika  garlic powder and salt add half a cup of frying oil and mix well  coat chicken in hot oil sauce and serve ,d028awb,food,lifestyle,1455650659,DaAwkwardSilence,2,0,10,108,0
does the cocaine add to the flavor ,d028pan,food,lifestyle,1455651195,Swinehole,2,0,1,21,0
morbid,d028t3a,food,lifestyle,1455651333,appleguava,0,0,1,448,0
being from the uk  brussels sprouts do nt conjure up the best imagery in most brits minds but this looks really fresh and flavourful ,d0297lm,food,lifestyle,1455651872,wiseoldtabbycat,2,0,257,8232,0
that looks sooooo crunchy and satisfying ,d029cge,food,lifestyle,1455652050,Dont_Panic1,1,0,4,9,0
what kind of meat is it in the first picture ,d029ej5,food,lifestyle,1455652129,IllIll,1,0,17965,20576,0
everytime i go to texas  i try to find good bbq but i ca nt all the bbq i have ever eaten  at restaurants  has always been so fucking spicy that it makes you numb we went to one place that had meat marinated in ghost chili  habanero and tabasco the only bbq i liked from texas came from bill millers and that s because i could actually taste the meat ,d029hls,food,lifestyle,1455652243,Assdolf_Shitler,-3,0,718,15168,1
i have a 2 ingredient dough recipe that works great for flatbreads  pizza  and the like 1 cup self rising dough  1 cup greek yogurt i usually add another half cup of whatever other flour i want to get a doughier consistency knead  then roll bake normally ,d029jzy,food,lifestyle,1455652329,swaite,2,0,4,506,0
i like the wine glass any idea what it s calledwhere it s sold   also really like the look of the food  but the glass caught my eye  ,d029vua,food,lifestyle,1455652765,awkwardpause101,2,0,1,8,0
looks amazing  i have never seen it done with such light coloring how did you make the shades more pastel instead of bright   is there a specific brand of food coloring that you used ,d029wb8,food,lifestyle,1455652783,camicobbs,2,0,1,1,0
hey man  i do nt know the recipe you re talking about but i love your wooden cutting board  just beautiful ,d02a0qs,food,lifestyle,1455652946,twofap,2,0,790,17821,0
looks pretty damned delicious ,d02a0y8,food,lifestyle,1455652954,Apocalypse-Cow,2,0,13869,7886,0
gr8 b8 m8 i r8 88,d02a87j,food,lifestyle,1455653230,JamesMacolini,0,0,3174,1411,0
recipe  here   https  wwwchefstepscomactivitiesamazingchewybagelsfromscratch  modifications   portioned them to 104g  or 10 bagels  instead of 65g  just used what i had on hand for toppings and did nt measure  maldon salt  sesame seeds  dried garlic  dried onion  verdict  very chewy in a good way  had a softer crust than i expected  but delicious nonetheless i ll definitely be adding this to my recipe arsenal  edit  sorry  ca nt seem to change asterisks to bulletpoints,d02adgf,food,lifestyle,1455653423,_inapickle,2,0,397,409,0
were those pancakes cooked in a ring mold  the sides look kind of shear and have a lighter color than i would expect ,d02ahex,food,lifestyle,1455653574,Apocalypse-Cow,1,0,13869,7886,0
you animal ,d02al8o,food,lifestyle,1455653722,Burninglol,2,0,1,3,0
thank god this was postvalentine s day because those foods would make for some very funky kissing ,d02apt3,food,lifestyle,1455653886,PlayedUOonBaja,1,0,5,2669,0
i made this over thanksgiving  mine turned out well too it was delicious my danish mother in law was impressed so there s that  it s a great simple recipe a little time consuming but worth it ,d02ar22,food,lifestyle,1455653932,its_a_tough_racket,2,0,63,3449,0
i ca nt stop looking at this fucking bread i m going to make it my laptop lockscreen ,d02astl,food,lifestyle,1455653996,shuunami,6,0,1,345,0
you make sandwiches  we get it ,d02azkn,food,lifestyle,1455654244,cleaverdm,2,0,97,704,0
alton brown published this recipe in 2008 i do nt know if he was the first  but mark bittman certainly is nt  it s a great recipe regardless alton includes weight measures for the flour  should be more easily reproducible  http  wwwfoodnetworkcomrecipeskneadnotsourdoughrecipehtml edit  looks like lahey version was first  and published by mark bittman in 2006 the nyt intro does give attribution  i just did nt notice  and attribution is nt dated food network  on the other hand  does not give attribution to lahey ,d02b74k,food,lifestyle,1455654516,wdhandy,6,0,1,9,0
nom,d02bfyx,food,lifestyle,1455654825,OoHexusoO,1,0,140,980,0
if i could expense the meal i would order it otherwise for  28  i ll take 3 or 4 regular mimosas  ,d02bgfi,food,lifestyle,1455654842,juice06870,1,0,3983,536,0
gt  do nt lick the screen  do nt tell me how to live my life ,d02bhzu,food,lifestyle,1455654899,ChronicBitRot,4,0,334,6711,0
mussels are cheap and tasty  recipes   http  allrecipescomrecipes439seafoodshellfishmussels ,d02bj3c,food,lifestyle,1455654939,CypripediumCalceolus,1,0,1,612,0
i would eat that till i m doneby done dead ,d02bkfl,food,lifestyle,1455654986,todoornottodoor,1,0,1,211,0
looks awesome rib eye  how many ounces ,d02bq9r,food,lifestyle,1455655200,juice06870,1,0,3983,536,0
i m sure it tastes amazing  but that looks like its hard to keep down ,d02bt2s,food,lifestyle,1455655298,BluntLeo,2,0,34,218,0
itssoraw,d02c5u4,food,lifestyle,1455655760,killerthompson,2,0,16,3817,0
cant beat the butter and honey butter and syrup are pretty good also  but that is practically pancakes at that point ,d02c9vw,food,lifestyle,1455655911,Chestypuller502,3,0,0,0,
also  this damn picture makes me angry hungry all i got around the house is peanut butter and some old turkey ,d02cczm,food,lifestyle,1455656027,jfast94,1,0,1,32,0
this is the recipe that got me into baking bread  so yeah  it rocks ,d02cibj,food,lifestyle,1455656226,Alphanabla,2,0,6891,5473,0
kidney beans  zucchini  tomato  red pepper  water saut  ed red onion and button mushrooms  topped with avocado  chili tahini dressing and hemp seeds  for dressing  combine  1t tahini 2t water 2t lime juice 1t honey 1t chipotle seasoning 12t chili powder 14t garlic powder,d02cjok,food,lifestyle,1455656276,SinfullyYours,3,0,49736,2083,0
insane does coulotte have a lot of marbling ,d02cka3,food,lifestyle,1455656298,Pigglypuff,2,0,0,0,
cthulhu salad  count me in ,d02ckfv,food,lifestyle,1455656304,TurboSuperbo,2,0,1,3574,0
recipe  here    http  boredoftheinternetcucumbertowncomagaveteriyakichickenrecipe ,d02cozq,food,lifestyle,1455656476,BoredOfTheInternet,1,0,5687,2832,0
the most delicious way to develop colon cancer ,d02cubk,food,lifestyle,1455656680,AALen,2,0,2765,5302,0
really gorgeous ,d02cuvo,food,lifestyle,1455656700,sleepswithcoyotes,2,0,1,11,0
i need this  also is taking bbq pictures a job  i need that job too ,d02d3w2,food,lifestyle,1455657034,Onateabreak,2,0,26,3619,0
the bbq in the second picture  that looks amazing ,d02d8w2,food,lifestyle,1455657222,ShellOilNigeria,2,0,112035,132073,0
i seem to have wandered into the wrong room i came here looking for more information on the delicious looking food in the image ,d02dvuo,food,lifestyle,1455658071,Lebateur,3,0,3502,1268,0
seriously  to me  this is the most delicious food picture i ever seen  perfect cook on the meat and it looks so amazingly juicy ,d02dxox,food,lifestyle,1455658139,sarlucic,2,0,0,0,
it s not pork ,d02eges,food,lifestyle,1455658830,niyrex,0,0,2,5522,0
master chef jr is the best ,d02ejx8,food,lifestyle,1455658957,looknsharp,2,0,1,1104,0
home team bbq in charleston sc is amazing if you re ever this way ,d02ex0p,food,lifestyle,1455659428,DaveyCrochet,2,0,1,3,0
holy shit  gorgeous feet,d02exnz,food,lifestyle,1455659452,butteredbunsofsteel,2,0,409,69,0
instead of all the critical analysis  can someone please just post a reciperegardless of the number of ingredients  ,d02fe6x,food,lifestyle,1455660069,thiskentricky,4,0,8,51,0
i would let this meat give me cancer ,d02ffx1,food,lifestyle,1455660137,senorfresco,3,0,2990,9657,0
do you have the recipe for me  looks delicious   ,d02fgi9,food,lifestyle,1455660160,scsger,2,0,111,33,0
chef and the farmer on pbs chef s table on netflix,d02fk8q,food,lifestyle,1455660304,Fuuuuuuuuuuddge,2,0,78,233,0
treme it ended a few years ago but you can still find it on hbo online yes  it s about more than food  music  politics  corruption  etc in new orleans in the years after katrina  but the restaurants and chefs are a main thread of the show it has a ton of recurring chef cameos from john besh to willey dufry to emeril  just to name a few  and a lot of the kitchen dialog was written by anthony bourdain most of the show is shot on location  so if you re familiar with new orleans  it s fun recognizing all the places if you ve ever worked in a restaurant  especially boh  i think you ll appreciate it ,d02fzz4,food,lifestyle,1455660915,fuzzy_merkin,1,0,835,244,0
it s so pretty ,d02g1c1,food,lifestyle,1455660968,ludicologist,2,0,14,5360,0
it works with pizza too  https  imgurcoman7k7v,d02g4gc,food,lifestyle,1455661092,enslaved_robot_boy,2,0,497,1950,0
way too toasted ,d02g54x,food,lifestyle,1455661117,onebrickinthewall,1,0,22,1007,0
hey  you should check out  mind of a chef   it s pretty amazing and they follow along with lots of great chefs it s also shot beautifully i second that you should also check out  chef s table  on netflix  a matter of taste  is also great  enjoy ,d02g5nc,food,lifestyle,1455661137,CakeIceCream,2,0,1,48,0
i ve watched all those  maybe you d also enjoy good eats and chopped if you do nt already ,d02ge4z,food,lifestyle,1455661465,asteriskitall,1,0,4,2559,0
whered ya catch em ,d02geh8,food,lifestyle,1455661479,SoccerPost,1,0,77,44,0
nothing in that recipe will spoil when refrigerated it should be good for months ,d02grnr,food,lifestyle,1455661995,TWFM,1,0,891,216053,1
monkfish,d02gs4k,food,lifestyle,1455662015,MrMonicotti,1,0,138,3482,0
that s not crab meat ,d02gz06,food,lifestyle,1455662293,MrMonicotti,3,0,138,3482,0
immediate foodgasm,d02gzol,food,lifestyle,1455662319,SibylProxy,2,0,1,59,0
needs to be more rare  looks juicy and delicious though ,d02h5pf,food,lifestyle,1455662562,yalekim,1,0,4,34,0
it s beautiful ,d02hd5y,food,lifestyle,1455662856,jazzyrobby,2,0,1,44,0
holy hell those are huge ,d02hl0d,food,lifestyle,1455663172,eddmario,1,0,13,3603,0
i suggest everyone try making bread a couple times my first time was when i was very broke due to unemployment and whittling down all the miscellaneous items in my cupboard i found some generic yeast and also had a bag of plain old flour i did nt do the recipe quite right but after kneading for about 15 minutes i decided to give my concoction a shot anyways the results were remarkable granted  my local grocery store sells better french bread for four dollars per loaf  but this stuff was totally acceptable and probably cost me about 50 cents in ingredients i ate the whole loaf in a day and half  pushed along mostly by the smug satisfaction that i d made it myself ,d02hpuk,food,lifestyle,1455663365,Shareholder_Values,5,0,1,15,0
damn son how did you get that egg in it without the outer layer ,d02hrzz,food,lifestyle,1455663456,nlprogramming,2,0,73,298,0
man i wish there was a place like that near me ,d02iydm,food,lifestyle,1455665252,Thisbymaster,1,0,70,28109,0
so happy we have life changing bbq in phoenix at little miss bbq guess they ve been around a couple years now but still feel new i love it so much ,d02jj44,food,lifestyle,1455666137,JLive23,1,0,35,797,0
 recipe   http  wwwfoodnetworkcomrecipesbobbyflaydoublechocolatepancakeswithsaltedcaramelsaucehtml ,d02jjbz,food,lifestyle,1455666146,NewlywedCooks,1,0,1206,162,0
how do you cook the octopus  i find it really hard to do correctly ,d02jruu,food,lifestyle,1455666571,sethamphetamine,1,0,12,3820,0
i do nt know why no one else commented but that looks good af ,d02k265,food,lifestyle,1455667056,WeCanGoAllNight,1,0,1,0,0
do nt you mean even breader than expected ,d02k2n1,food,lifestyle,1455667077,UnhelpfulHand,2,0,1,26,0
just to quickly clear one thing up for everyone mark bittman is not a member to the buttman family   in living color  the buttman s   https  youtubenstjvgxicpu ,d02k3io,food,lifestyle,1455667117,SpaceChamp2175,2,0,1,364,0
honestly if it s szechuan  and it s in mandarin on the menu  it probably does nt matter what you order it will be good ,d02k6kv,food,lifestyle,1455667246,Chestypuller502,1,0,1,2226,0
i m a little fuzzy on my mandarin but i believe the first one says  chengdustyle sauteed pork belly  i m having difficulty with the others though sloppy handwriting ,d02kkp7,food,lifestyle,1455667861,sealclubber281,3,0,0,0,
that s a ton of cookies ,d02kl7z,food,lifestyle,1455667883,yeefuckall,1,0,4,1314,0
1 cat 2 cat 3 dog 4 cat 5 baby 6 baby cat 7 shrim fri ri  before getting butthurt and down voting this  it s just a joke ,d02kmqd,food,lifestyle,1455667947,Gourry007,-2,0,1,27,0
is nt this just damper  bread  http  wwwbestrecipescomaurecipeeasyaustraliandamperl3230html,d02kq4a,food,lifestyle,1455668094,motomartin,5,0,709,301,0
i made this gordon ramsay style did nt even think to take pictures until it was in the oven started wth the money shot  cuz everyone skips there anyway  i ve never made beef wellington before i actually do nt cook much  just followed the video on youtube it temped at 140 when i pulled it out for a solid medium rare served it with mashed potatoes and green beans  my wife was very happy ,d02kr62,food,lifestyle,1455668140,Alienthere,1,0,565,3204,0
looks good  i ve always wanted to make these the sausage looks a bit rare toward the center though ,d02kshr,food,lifestyle,1455668198,originalitycounts,1,0,1,117,0
do you eat the minifigures too ,d02ku0i,food,lifestyle,1455668265,toiletfromhell,1,0,192,967,0
man that is a deep dish like a barry white looks like a pizza cake ,d02l159,food,lifestyle,1455668572,crapcrapcrapcrap,1,0,187,4770,0
you mean jim lahey ,d02lh6m,food,lifestyle,1455669243,Afurtherangle,4,0,1,1414,0
i see a future in fine dining for you   reach for it ,d02lyht,food,lifestyle,1455669957,viva1a,1,0,11,1,0
where the fuck is the link for the lazy  http  cookingnytimescomrecipes11376nokneadbread,d02m615,food,lifestyle,1455670281,drotato,3,0,5,58,0
i remember my first time making scotch eggs  wanted to keep the yolk runny just like you did and i spent over half an hour meticulously peeling an undercooked egg looks great ,d02m6t0,food,lifestyle,1455670316,viva1a,1,0,11,1,0
stick of butter  4 cups of sugar  melt together  ezpz,d02m6zl,food,lifestyle,1455670323,Tunanin,1,0,247,70,0
definitely good eats and i really liked no reservations because i love anthony bourdain  but it is a bit more of a travel show i guess ,d02m72e,food,lifestyle,1455670326,ohia_iiwi,1,0,1,3,0
make you own using mini muffin tray ,d02mfx3,food,lifestyle,1455670710,escher42,1,0,1,554,0
recipe ,d02mp6f,food,lifestyle,1455671121,halokb,1,0,401,8,0
i almost made that   i decided on shrimp though  this looks great ,d02muaw,food,lifestyle,1455671344,Skynightday,1,0,147,604,0
the third character in number 2 means brain  but i do nt know the rest in that dish 3 is green pepper soft tofu fatty beef 4 is some kind of fish steamed in broth 5 maybe brown sugar glutinous rice 6 is also fish  7 is flavorful roast fish i m not fluent  and some of the characters are too messytraditional for me,d02nbjm,food,lifestyle,1455672072,ohia_iiwi,2,0,1,3,0
nonmeat  then it is not a bolognese it is just sauce i mean it looks delicious but stop bullshitting us ,d02nt47,food,lifestyle,1455672801,savemejebus0,4,0,65385,119089,0
it looks great  you either went easy on the onion or you had one hell of a fine chop on them  i can only pick one onion piece out in the photo  also is that tvpveggie crumbles in there rather than meat ,d02ntwu,food,lifestyle,1455672834,zer00eyz,2,0,265,947,0
can we discuss how everyone in teamlet sgosavebarryandjessie was wielding an actual weapon and earth2 barry is holding a stick  fucking ridiculous ,d02o143,food,lifestyle,1455673140,psychopathica,1,0,831,428,0
looks delicious  recipe ,d02o1og,food,lifestyle,1455673164,ArieUdiv,1,0,25,33,0
and years and years old ,d02obvp,food,lifestyle,1455673587,MR-Cocksucker,1,0,1,-8,0
my first try using recipe  http  entertainingwithbethcomfoolprooffrenchmacaronrecipe,d02oc2p,food,lifestyle,1455673594,Cdn_Girl,2,0,13,107,0
the best meat balls i have ever ate were called meet balls from a vegeterian restaurant in scotland,d02odix,food,lifestyle,1455673657,conehead88,1,0,6202,54947,0
i actually found something that might work  some people sell mini fillo dough shells that might just do the trick ,d02ofil,food,lifestyle,1455673743,Ultenth,1,0,2102,12330,0
gt  the spices what spices we must know,d02oh1z,food,lifestyle,1455673806,ReturnOfMorelaak,1,0,473,14570,0
what the actual fuck pickled japs and carrots  might as well throw some easymac on those sandwiches too  do nt forget the fry sauce  ewww,d02oq56,food,lifestyle,1455674189,MR-Cocksucker,0,0,1,-8,0
this makes me very sad as a texpat sniffle i want some damn bbq ,d02p4a3,food,lifestyle,1455674786,generallyok,3,0,303,11748,0
that is sexy af,d02p5kr,food,lifestyle,1455674840,Qui_Gon_GinNJuice,2,0,1,52,0
mmmm immitation crab ,d02pa4b,food,lifestyle,1455675038,MR-Cocksucker,1,0,1,-8,0
be less sad  and post recipe and pictures  loaf and crumb shots  to rbreadit  the positive comments should be somewhat uplifting ,d02pcw2,food,lifestyle,1455675155,tptguy83,1,0,851,7745,0
hey look spaghetti ,d02pegf,food,lifestyle,1455675222,98PercentOdium,1,0,694,31320,0
just one of the things i hate about living in pa and miss so very much by not living in tx ,d02pehy,food,lifestyle,1455675224,bonuspad,2,0,221,2155,0
it should have been the daniel day lewis ,d02piyn,food,lifestyle,1455675416,ElektrickBlack,2,0,15,110,0
can i get recipe ,d02pm50,food,lifestyle,1455675553,kodomination,1,0,9,741,0
why was this steak  63  lol,d02pw6x,food,lifestyle,1455675991,MR-Cocksucker,1,0,1,-8,0
i always forget how disgusting and unappealing ratatouille looks ,d02q9pz,food,lifestyle,1455676573,Scheduler,0,0,0,0,
lemon juice for scale,d02qbll,food,lifestyle,1455676656,queenliestannabellee,1,0,211,236,0
can you share that slaw recipe  looks fantastic,d02qbnp,food,lifestyle,1455676659,Beartoes1,1,0,1719,14209,0
what s underneath the scallop  yumm,d02qqd9,food,lifestyle,1455677285,sshukrun,1,0,1,-1,0
those tiny hamburgers look delicious,d02qroa,food,lifestyle,1455677339,donaldpump69,2,0,12,18213,1
i m not sure about this,d02qs8q,food,lifestyle,1455677363,greendreen,4,0,8549,2541,0
did they taste good ,d02qwdw,food,lifestyle,1455677547,DoitfortheHoff,1,0,218,7652,0
cream cheese and wheat thins ,d02ri2m,food,lifestyle,1455678518,brains46,0,0,0,0,
where your meat at bro ,d02rxyr,food,lifestyle,1455679244,Alldaylikemoneymay,1,0,1,523,0
this is really good with something like a blackberry chipotle jelly ,d02s4a4,food,lifestyle,1455679532,BigFishXD,1,0,47,190,0
til australia has jury trials ,d02s9ej,food,lifestyle,1455679765,gildedtreehouse,2,0,416,2140,0
 you re my clogged heart ,d02sikx,food,lifestyle,1455680192,DaveAP,0,0,27624,52329,0
crust recipe  please ,d02siva,food,lifestyle,1455680206,notenoughtreesforme,1,0,85240,9631,0
that s fantastic looks like you had an amazing dinner how d you make the cake  recipe ,d02sj7q,food,lifestyle,1455680221,web_maker,1,0,0,0,
kind of more complex but my favorite is baked brie  with blueberry preserves  on water crackers ,d02ssw0,food,lifestyle,1455680674,psychoactivity,1,0,1,596,0
good for you   is that a desirable job ,d02t58v,food,lifestyle,1455681246,_l-___-l_,0,0,1,48,0
i love bbq,d02t5nj,food,lifestyle,1455681267,joh333,1,0,98,2,0
hotter pan ,d02t5vw,food,lifestyle,1455681277,stcwhirled,1,0,1418,6645,0
love for pizza,d02t67o,food,lifestyle,1455681292,joh333,1,0,98,2,0
creepyrrito,d02t6od,food,lifestyle,1455681314,cosmicrush,1,0,204,202,0
yummy and delicious,d02t6v2,food,lifestyle,1455681324,joh333,1,0,98,2,0
i love burger,d02t7zp,food,lifestyle,1455681379,john0019,1,0,4066,14,0
wow burger,d02t8dt,food,lifestyle,1455681398,john0019,1,0,4066,14,0
i can get onboard with this ,d02t924,food,lifestyle,1455681431,Porencephaly,1,0,1426,4364,0
did you eat from ernesto food truck and eat empanadas ,d02tasy,food,lifestyle,1455681515,cucumberbun,1,0,1032,16693,0
call it a broquet  bro ,d02tcdk,food,lifestyle,1455681591,I_pleadthefif,3,0,1,1130,0
extra sharp cheddar  gouda  romano  a nice blue or brie put it on a wheat thin or stone mill cracker or slice up a baguette in 14  pieces and toast them in the oven with some olive oil and garlic ,d02ti3u,food,lifestyle,1455681871,Flamdoozle,1,0,15,670,0
one black mole enchilada  one red mole enchilada  cured meat  spicy cured meat  chorizo and oaxaca cheese ,d02tj87,food,lifestyle,1455681926,bronnendorf,1,0,3,100,0
my so just walked in on me licking the screen got some splainin to do ,d02tl03,food,lifestyle,1455682013,pepperbro,1,0,1,0,0
how do you feel about the other post that is claiming his brother made this  he posted a screen cap of an instagram  having a food related instagram cap gives his claim some sense of legitimacy everyone knows that is where the food posts are born ,d02tlc4,food,lifestyle,1455682029,Johndough99999,3,0,16,12431,0
swiss on a triscuit is the shit those triscuits tear my mouth up tho ,d02totx,food,lifestyle,1455682201,Stephwash,1,0,1,11911,0
though it s probably in your small intestine by now bon apetite ,d02tq1c,food,lifestyle,1455682258,RooniesStepMom,1,0,1,42,0
i clicked the thumbnail to inspect and boy i m glad i checked here i salivate in this hypnotized state on rfood and i m fully erect,d02tqoa,food,lifestyle,1455682289,LimerickAstley,5,0,839,6950,0
jury nulification is power please consider a not guilty on all charges which are victimless and or pointless laws you disagree with ,d02tujc,food,lifestyle,1455682477,Graffitilove,-2,0,147,2061,0
you had me at meat tornado ,d02u0kg,food,lifestyle,1455682773,PMME_Sexy_Selfies,3,0,1039,1045,0
i considered doing this but i figured i would butcher it ,d02u28l,food,lifestyle,1455682855,bonzaibuddy3,2,0,1,1447,0
mouth orgasm,d02u40g,food,lifestyle,1455682941,adultishgambino1,1,0,437,3143,0
1 cup sugar  1 tablespoon corn syrup  14 cup water  2 tablespoons unsalted butter  1 teaspoon vanilla extract  12 cup heated heavy cream stir together the sugar  syrup  and water until the sugar is completely moistened heat  stirring constantly  until the sugar dissolves and the syrup is bubbling stop stirring completely and allow it to boil undisturbed until it turns a deep amber if you have a candy thermometer  use it if not  consider getting one it should reach 380  f immediately remove it from the heat and slowly and carefully pour the heated cream into the caramel it will bubble up furiously  use a hightemperature heatresistant rubber spatula  or a porcelain or wooden spoon to stir the mixture until smooth  scraping up the thicker part that settles on the bottom if any lumps develop  return the pan to the heat and stir until they dissolve stir in the butter wait a couple minutes and stir in the vanilla  you can store it at room temperature for up to 3 days and in the fridge for up to 3 months reheat it before using it  sorry about the format i m on my phone enjoy  this recipe is truly awesome ,d02ubrd,food,lifestyle,1455683325,cam890,1,0,16,25,0
you re hired,d02uddo,food,lifestyle,1455683407,goodhotchill,2,0,11958,76548,0
how do i get one of these sent to my boyfriend ,d02uhx2,food,lifestyle,1455683630,shannon9polo,2,0,1,1,0
the totonka,d02ujnc,food,lifestyle,1455683717,Jbeckerasaurus,1,0,25736,5367,1
yes  http  shesimmerscom201003quickandeasyrefrigeratorpickledasparagushtml i like this sliced red onions done this way too ,d02uo3t,food,lifestyle,1455683954,escher42,1,0,1,554,0
you also specialize in trichinosis i m sure ,d02uogz,food,lifestyle,1455683973,Brave_Men_Run,1,0,1,56058,1
solid bread solid cutting board ,d02uv8j,food,lifestyle,1455684317,sydney__carton,2,0,2183,22738,0
i bet if you steam it  the meat will hold on to more flavor from the spice rub looks delicious either way  though,d02uvol,food,lifestyle,1455684341,Courtney463,1,0,21,29,0
i love you ,d02v4x5,food,lifestyle,1455684821,OldTrick16,1,0,1,727,0
wheat thins with extra sharp cheddar and guava,d02va4v,food,lifestyle,1455685092,cosmic-mermaid,1,0,1,648,0
what is it ,d02ve8a,food,lifestyle,1455685306,trdc88,2,0,184,57,0
mexican food is the best ,d02vh0p,food,lifestyle,1455685458,generallyok,1,0,303,11748,0
i had a dish in indonesia of curried jackfruit with chicken it was so damn tasty i am sure this is too  ,d02viqh,food,lifestyle,1455685551,generallyok,1,0,303,11748,0
i would put that mother fucker on a sandwich and drench it garlic sauce,d02vj0f,food,lifestyle,1455685566,Baron453,1,0,61,13,0
