0,1,2,3,4,5,6,7,8,9,10
i caught a horrible bug  so 10 days without any type of alcohol due to antibiotics  please take a drink in honor of your fellow mate ,45lruy,drunk,lifestyle,1455387101,PurpleSmurkle,173,0,960,5573,0
drank smirnoff  four loko  and c4 mixed together  got super drunk and was walking to 711 to get a snack  hit a patch of ice and tripped and fell backwards  hit my head on a lamp post just got back from the clinic and i luckily did nt have to get stitches  and i do nt have a concussion but i m going to take it easy today ,45n9ju,drunk,lifestyle,1455404745,ItsPlayer,50,0,141,768,0
let s get messy  ,45ph3u,drunk,lifestyle,1455441149,The_Commander,3,0,11810,11866,0
holey shit i think i  m having i  rpobele  sm words are hard as fuck and i think i m fallingh assleedd in between senteneces i love everyonbe and i want all people to be happy yopu guys aree incredible and i love you make me your b4ried i will give ytoiu cvhildredn m just kidding i m fucki8ng blasted as fuck os tjat a euphnism for drunk as fuck  probably not  lets kiss guys just kidding i stil love you though i m sorry holy shit my arm hurts so i m dun for now i love you b ye ,45prbm,drunk,lifestyle,1455445311,Mr_bananasham,8,0,0,0,
i love you happy vday bitches ,45qnw6,drunk,lifestyle,1455457054,WorstNameOnReddit,5,0,32,1779,0
i tried using a flask i have but people instantly know there s alcohol in it if they see it  and i do nt like sneaking around just to take a sip  do you think a thermos or travel mug would work fine  also  what s the best way to sneak alcohol into a bar or sports games ,45rfw1,drunk,lifestyle,1455466522,myartimitatescrime,1,0,1,0,0
100 proof bourbon and netflix and not chill ,45rrpg,drunk,lifestyle,1455470450,zeldaisaprude,1,0,19,10074,0
alright  i m quite abit hammered while writing this but still concious so thats something i guess do nt wan na get at how many times i had to correct  hoy  to  how  and  any  to  and  and concious to well you get it  the following steps are crutial  1 get a bottleabooze ready to drink  ready it  is important  2 inhale as much as you can  take a good healthy breathe in  3 exhale until you feel you have just a little bit    air left in you 4 take a good mouthful of booze  haha no pun intended   like make both cheeks like water balloons  i m serious i also just typed  seriums  once tbh wtf  the next step is important to be done quickly in succession  5 swallow 6 inhale thru your nose very quickly after swallowing  no long seconds delay  quickly  air thru the nose you get it   7    8 profit downed half a bottle of ugly tasting bourbon  hell i even spelled it bornben for one second how drunk i am  it could be a thing of practice  but it s rather easy just swallow and very shortly after inhale thru the nose  let that fresh air in  what it does is  most of the taste is actually  smell  passing thru the connectors that connect the nose with your mouthpartthingy  you know when your nose runs and it runs down your throat if its really bad  like very cold outside  thats those connections   them pipes theres an anotom anatomi i give up  theres a ana something correct way of naming it  when you think you taste  a wine  or whiskey  it is actually the vapors passing up back into your nose  which makes a burning feeling in your throat and nose as well  and makes you smell all the different flavours of the booze  wine  whatever alcohol you have  by inhaling  you push those flavours back  your tongue is actually only able to distinguish  sweet  sour  bitter thats it all the flavour is in your nose  practically that goes with all food or drink that  tastes  good  it is the little smell particels pushing pack into your nose parts and therefore creating a  smelltaste  sensation  this method of  pushing back  the flavours will also work on food  or anything that isnt entirely bitter  sweet or sour a lemmon will for example still mess you up  because the tongue mainly detects bitter and sour  so you may  soften  a bite on a lemmon a bit  but it wo nt be as effective  this method helped me win a couple bets and i as a drinking master  wanted to share this with you  enjoy  drink reasonable   safe  and dont drink and drive   forgot to add  you will ge t a little taste aka smell for about 5 secs after the chugg  because alcohol  sticks  to the slimy tissue in the throat mouth and tongue  but not as bad as just trying to sip from the bottle  the payload will go down like water  tasteless  like swallowing a huge clogged up pile of snot from a cold only will you shortly thereafter become an alcoholic like me and most importantly  drunk as a skunk high as a kite stiff as a board whatever you wan na name it ,45th6w,drunk,lifestyle,1455490374,BIPOne,11,0,1,7,0
it has been a pleasure  but due to shitty circumstances i am on medication that does not work with our good friend drink so for the next few weeks  i must abstain from alcohol  as much as it pains me tonight is my last session for a while ladies  gentleman  it s been a pleasure serving with you http  imgurcomdozaxk4,45twau,drunk,lifestyle,1455496350,Go_Daaaaaan,7,0,49,106,0
also the most drink i ve been all year woo ,45u5zq,drunk,lifestyle,1455500540,zeekaran,39,0,7028,20861,0
so  who wants to shoot the shit ,45u97h,drunk,lifestyle,1455501971,Benjammin1391,1,0,5581,14470,0
i m curious but it s 10  and do nt want to be stuck drinking diesel  i woul nt pour out a drink i ll soldier on and hate every moment  p ,45uci4,drunk,lifestyle,1455503407,shorttallguy,3,0,5111,9147,1
so i m drinking straight everclear pray for me ,45uirx,drunk,lifestyle,1455506108,ubuntufig,7,0,3406,6077,0
i m only a lot drunk,45us8j,drunk,lifestyle,1455510299,TitsAndButtholes,1,0,300,284,1
i went on a tinder date then i went to a bar with friend now i m home drinking alone whats the fuck up rdrunks  ,45uu1b,drunk,lifestyle,1455511163,NJTalkinghead,4,0,83,2918,0
this sub seems pretty quiet this evening  granted  it is sunday  lucky for me  i have a long weekend  with tomorrow being president s day hooray for holidays  i ve just been drowning myself with cheap whiskey how are you fine folk doing tonight ,45uu7w,drunk,lifestyle,1455511246,drunkymcdrunkaccount,3,0,1,324,0
also i have a long tstorytotell ifu want to heare it it s full of depression and suicidla ideations lololo,45v5h8,drunk,lifestyle,1455516814,My_Nebuchadnezzar,4,0,1881,1706,0
i just do nt,45vor7,drunk,lifestyle,1455528002,TMA-3,8,0,10712,52397,0
i ve got maybe 15 bottles of rum from dark all the way to caribbean  i join the army pretty soon and do nt feel like drinking the rest of the stuff unless its in a cocktail  most of it is pretty cheap stuff  any suggestions ,45wf52,drunk,lifestyle,1455542298,jamsssssss,1,0,86,63,0
after reading how another guy woke up shirtless on the kitchen floor with a beer  i got thinking  my personal favourite was waking up christmas morning 2009 maybe  in my dogs bed on the kitchen floor my dog was in my bed ,45wg1h,drunk,lifestyle,1455542729,lukeisonfirex,4,0,6070,5575,0
dogs are important edit  i m upvoting everyone cuz dogs are pretty important ,45wga4,drunk,lifestyle,1455542854,ItsaMeMattio,8,0,32880,18969,0
does anyone know of any good beer pong team names  me and some are gon na have a beer pong competition and i need to come up with a good name for my team  so any suggestions would be helpful  ,45ww07,drunk,lifestyle,1455549241,xalvador,2,0,778,670,0
after last night i want to move and get a new identity,45xgux,drunk,lifestyle,1455556128,JazzKittens,2,0,249,434,0
i noticed i was out of beer 8  05pm  and the stores are nt allowed to sell it later       pls halp,45yea1,drunk,lifestyle,1455566613,nessie7,11,0,373,22342,0
sure  it might have only been  499 but it tastes like wd40 and i m not confident i m going to wake up tomorrow with my eyesight intact ,45zjph,drunk,lifestyle,1455579696,AnnieKM,3,0,1,2,0
http  wwwearthcamcomusalouisiananeworleansbourbonstreet  cam  catsmeowkaraoke i also like watching the street scenes just finished watching temple bar shut down in dublin feels less like i m missing out while i m working late  p the more buzzed i get the more i feel like i m there ,460iv4,drunk,lifestyle,1455593104,MediocreDeveloper,6,0,5,27,0
what was it like getting drunk your first time  where  when  what was the occasion  have a drink and discuss it ,460qv0,drunk,lifestyle,1455596383,kraxonalpha,22,0,1,327,0
tell me ,460wgb,drunk,lifestyle,1455598749,shimbers,1,0,2,88,0
but wine needs me what kind of friend would i be otherwise  anywho  what are we all listening to  i ve got the arcs blasting  https  wwwyoutubecomwatch  v  ujfs3ldptym,460xjm,drunk,lifestyle,1455599197,Looksokay,1,0,1,38,0
hey everyone  i m pretty drunk and i was just playing with my cat what a nice kitty she was chasing me all over the house trying to get her toy lol she does nt care if i m drunk or not she s just a bundle of furry energy and fun  that s all sorry for any typos i m on my phone thanks for reading,461113,drunk,lifestyle,1455600755,weekend_ninja,2,0,74,808,0
its monday  i m drunk  wearing the green contacts i bought last time i was drunk playing with the green laser i bought the time i was drunk before that while playing with the drone i bought while being drunk before that drink and amazon people you will thank yourself when you are drunk,4615m5,drunk,lifestyle,1455602845,barenutz,1,0,404,4,0
ibuprofen or tylenol  sex in the morning while still drunk or not  strawberries or melon  i am shit faced ,4615nk,drunk,lifestyle,1455602859,drew1111,1,0,3329,52720,0
hi reddit drunk friends  i do nt want to get detailed because i m so irritated  but the dude i m dating acted like a king douche tonight and i m just so over all of this shit i hate being like this  but men have been the absolute worst in my life the past couple years  i bought myself flowers tonight though because i  m a strong independent woman do nt need no man i really truly feel that way fcuk em gon na go to the gym with my lady milf swolemate tomorrow and rage it out on my deadlifts and hulksmash everything  ugh  i wish i had more wine though ,461gn4,drunk,lifestyle,1455608878,mosscollection,1,0,312,6299,0
hey party people been having a rough week anyone want to chat  btw drinking whiskey and coke ,461msj,drunk,lifestyle,1455612887,49GiantSharks,2,0,210,420,0
so i m just going to get drunk i m 3 drafts in  barely noon let s black out before the sun goes down gentledrunks ,463joi,drunk,lifestyle,1455644034,Dendening,8,0,199,397,0
is makin my butthole tingle,463l2k,drunk,lifestyle,1455644504,TitsAndButtholes,4,0,300,284,1
that is all ,466d3p,drunk,lifestyle,1455680638,PRNDL,2,0,5213,14357,0
yeah but vodka kills bacteria  so cant you use that ,czynx1u,drunk,lifestyle,1455387565,ninja_stalker,60,0,192,23479,0
i m told it s a bunch of bull with booze and biotics i d stay on the side of caution and keep on truckin lest the collective hangover kill you ,czyor6j,drunk,lifestyle,1455389020,allthewayhiiiii,1,0,1,998,0
once you are done with the antibiotics you can drink to your victory over the thousands of dead bacteria ,czypz9v,drunk,lifestyle,1455391165,Lim_Dul,11,0,1928,24813,0
 i m not suppose to drink on my medication but i do ,czyr10u,drunk,lifestyle,1455393021,Feel__Free,27,0,32,654,0
rip i used to get fucked on these when i was like 17 the caffeine was amazing now i usually already have caffeine going through my veins anyway so eh ,czyrfnj,drunk,lifestyle,1455393750,thisissotragic,4,0,11,713,0
i 2 exams next week i should be studying for  but i will be drinking tonight anyway  a few will be had in your honour ,czyrjn5,drunk,lifestyle,1455393947,Out_on_the_Shield,7,0,9,4957,0
is that the watermelon flavor that tastes like floor cleaner or the lemon flavor that tastes like floor cleaner,czyrm8b,drunk,lifestyle,1455394079,sonofarex,10,0,12347,48055,0
now i have to empty a 5hr energy into my four loko when i drink it  c my 3 buck drunk became a 6 buck drunk ,czyrpc8,drunk,lifestyle,1455394238,tredyn,1,0,2645,3082,0
art car  my favorite saint arnold s brew,czyrvo2,drunk,lifestyle,1455394552,orignalfigueroa,11,0,95,786,0
i was really close to a fever yestarday the boys brought out the jager and it s all better now,czys86k,drunk,lifestyle,1455395173,satbirkira,4,0,673,2474,0
girlfriend is in korea for a year i do the same thing with destiny,czyskbg,drunk,lifestyle,1455395785,KyrieAien,8,0,279,3228,0
i have never really payed any attention to the instructions on medication  do as you like  keep the drink flowing  and you ll be aight,czyt77k,drunk,lifestyle,1455396928,killer3james,4,0,9046,8261,0
will do  i would pour out a little liquor for you  but that would be wasting ,czyuuoe,drunk,lifestyle,1455399912,cbpantskiller,7,0,731,4375,0
consider yourself lucky,czyuvox,drunk,lifestyle,1455399965,mouldy311,4,0,1677,3368,0
i ll drink 12 for ya mate ,czyuz6d,drunk,lifestyle,1455400147,Stezieman,2,0,124,2072,0
your six friends look fine to me i d hang out with them ,czyvcxw,drunk,lifestyle,1455400844,nofarkingname,18,0,1,2080,0
hang in their brotha  i m in the same boat too playing the new tomb raider drinking some red chair ,czyvknl,drunk,lifestyle,1455401227,StephJamz,2,0,338,967,0
i will drink to your speedy recovery ,czyvmh3,drunk,lifestyle,1455401316,annarchy8,2,0,27993,58246,1
that s great your friends would do that for you while your girlfriend is away  ,czywc8d,drunk,lifestyle,1455402585,steviefin,2,0,1582,3559,0
double xp and double weapon xp this weekend  drink up and get your grind on son ,czywdd2,drunk,lifestyle,1455402641,SmallTownMinds,2,0,5546,26108,0
my current favorite until hop delusion returns ,czyxynz,drunk,lifestyle,1455405433,doctormisterjohn,2,0,1,4547,0
add a shot of mio energy to your favorite beer  bam  homemade four loko ,czyzkgr,drunk,lifestyle,1455408289,Wakka37,3,0,2362,23524,0
a lot of antibiotics are totally fine to take with alcohol and the label advising against it is a dumb nonsensical precaution do a little research on the exact drug you are taking and you might find it is ok be careful to use reputable sources  though ,czyzq3h,drunk,lifestyle,1455408570,MattyFTM,7,0,6935,29650,0
those brolokos sneak up on you ,czyzuf4,drunk,lifestyle,1455408784,WhimsicalBadger,12,0,18,785,0
hey  do nt you worry man we ve got you covered while your out  and when you re better i will gladly welcome you back on the front lines,czz02k5,drunk,lifestyle,1455409190,QKLance,2,0,1176,5966,0
cheers friend,czz0e8y,drunk,lifestyle,1455409767,crispycabbages,2,0,1,156,0
your furry little friend is definitely happy to spend time with you also ,czz0nt6,drunk,lifestyle,1455410239,wolme,4,0,1,191,0
thats a six pack this is drunk not slightly buzzed happy saturday to you too though ,czz0yp1,drunk,lifestyle,1455410783,rgby22,0,0,58,6066,0
i had walking pneumonia a few weeks ago and was in the same boat as you i ll be drinking tonight in your honor  press f to pay respects ,czz18v6,drunk,lifestyle,1455411307,CRAZYTickster,2,0,86,601,0
friends  there is nt something  fuck cheers ,czz1hov,drunk,lifestyle,1455411766,Roc112,2,0,5,2123,0
that s not nearly enough alcohol  i m in the same boat ,czz2dhj,drunk,lifestyle,1455413362,drunk_comment,2,0,3,649,0
this ice i went feet up on my driveway the other day  now i got a bruise on my behindicus and i ca nt sit right still better than a head hit  people die from that shit ,czz2ej2,drunk,lifestyle,1455413412,AnaphylaxisMan,2,0,1,1665,0
cheers mate,czz31vb,drunk,lifestyle,1455414588,PREEMERcs,2,0,64,53,0
i raise my budweiser tall boy in your honor  good man  relax and enjoy some good ol  fashioned alone time,czz34ik,drunk,lifestyle,1455414724,xplush86x,3,0,448,3387,0
just one beer will delete all that deliciociticity that is antibiotics nothing beats a good break to enjoy your favorite brew once you get back on the wagon  ,czz3lyn,drunk,lifestyle,1455415613,xplush86x,2,0,0,0,
no stitches  pussy,czz40mg,drunk,lifestyle,1455416345,dat-azz,7,0,71,908,0
great console choice ,czz4n9g,drunk,lifestyle,1455417416,Techopath,0,0,115,368,0
 1   where do you live and how quickly can i move there ,czz4z9b,drunk,lifestyle,1455417966,GetFreeCash,6,0,125295,190431,1
fuck yeah michter s  my all time favorite rye drinking old grand dad 100 tonight ,czz5bo3,drunk,lifestyle,1455418559,arcsine,2,0,5677,57952,0
what are you going to do in like an hour when you run out of beer ,czz5ino,drunk,lifestyle,1455418899,kalizar,2,0,379,4098,0
lol  what are you 13 ,czz5wcy,drunk,lifestyle,1455419522,Insanity_-_Wolf,-4,0,245,1288,0
hot damn those prices are low low low,czz6ko6,drunk,lifestyle,1455420642,ImClaytor,6,0,379,569,0
at those prices you ca nt afford  not  to have a drinking problem ,czz6rer,drunk,lifestyle,1455420949,2drunk4ramen,7,0,2,124,0
been there done that it s no fun be strong ,czz6zzl,drunk,lifestyle,1455421340,shmaltz_herring,2,0,121,5539,0
it s totally fine to drink on almost all antibiotics make some research and see if yours is one of the few that is nt okay ,czz7fkj,drunk,lifestyle,1455422105,scribbling_des,2,0,6351,60393,0
we need to meet cause thats how i self medicate  marb menthols and all ,czz8v3g,drunk,lifestyle,1455424990,aerodyanmic_tubesock,4,0,30,434,0
fuckin  a  i need to know where this place is asap ,czza4uw,drunk,lifestyle,1455427676,clickersunite,3,0,274,2286,0
fuck yes  that s awesome ,czza5kw,drunk,lifestyle,1455427721,Dochetwas,3,0,5676,3286,0
yar,czzad18,drunk,lifestyle,1455428188,CaptainConsolation,2,0,1,529,0
bruh  me and my fellow marines are drinking and playing blops all night pm me if you wan na play some hardcore dom,czzav9n,drunk,lifestyle,1455429265,benjammin9292,2,0,38841,137100,0
the bar by my house had a scottish ale on tap for  2 and they were 7   i drank six of them and i m amazed i was able to walk back to my house without getting lost ,czzb5xj,drunk,lifestyle,1455429923,apocalypticradish,3,0,27,13399,0
4 days before my buddies wedding i had surgery on my hand 2 days before my buddies wedding i ignored my doctors orders and drove from me to pa my buddies wedding  i ignored my doctors orders and drank profusely  4 months later i had surgery on my hand again  please dont do what i did and listen to the doctors orders  also i have been drinking ,czzc0sq,drunk,lifestyle,1455431977,emery19,3,0,35,1115,0
i buy these every friday  they are sold everywhere in mexico,czzc49z,drunk,lifestyle,1455432226,josevic199,1,0,1,27,0
this makes me miss college every thursday you could get a tray with 10 beers for 750 domestic drafts each of us would get a tray to ourselves and have a great time then split another 2 or so ,czzc4mq,drunk,lifestyle,1455432249,emery19,3,0,35,1115,0
hey brother  you should look at whatever rcity you are in i ve met a few people who i ve become good friends with also  this sub does nt need you to justify yourself  we love you just the way you are ,czzch4d,drunk,lifestyle,1455433168,Pollyanna584,2,0,1760,3202,0
i have a big rolling rock glass i use as my water glass but i do nt know if i ve drank it before i do nt even know how i got the glass ,czzcrar,drunk,lifestyle,1455433958,RawPinkFlesh,2,0,1,12511,1
i m already drunk but hey i ll drink to that ,czzctqi,drunk,lifestyle,1455434158,hayjoe21,2,0,35,706,0
lolol just realized what you meant after i clicked the link i might just stay drunk the whole day cause fuck it  nothing going on monday     presidents  day1  1  1 ,czzd6lc,drunk,lifestyle,1455435336,DieAloneAndForget,2,0,1,27,0
drink it all ,czzds7c,drunk,lifestyle,1455437288,RawPinkFlesh,3,0,1,12511,1
gross bud light  buy yay free beer get drunk op ,czzdsuz,drunk,lifestyle,1455437348,bazooked,1,0,637,122138,1
you got ta do what you got ta do,czzdur8,drunk,lifestyle,1455437532,undeadFuller,2,0,128,423,0
drink it all in the next three hours  no balls,czzdwsc,drunk,lifestyle,1455437725,DieAloneAndForget,1,0,1,27,0
bet you wo nt edit  drunk,czzdzj2,drunk,lifestyle,1455437999,skisforhire,2,0,610,504,0
i hate the evidence,czze0g3,drunk,lifestyle,1455438092,RawPinkFlesh,36,0,1,12511,1
a guy in my groups of friends posted a very similar photo  same concept different drinkgame  on fb a few weeks ago which turned into borderline rfacepalm material he posted it with the caption  nicole is away working all weekend and my mates are boring bastards so looks like i ll be drinking this alone tonight   myself and a few others in the group ended up commenting things like  i have nt heard from you in a year and now cause you want to drink this weekend and i do nt i m a bore  good one mate    haha fuck off joe youve not been out since you got with nic  whipped   when your gf is out of town and suddenly the lads are the lads again  not saying this is what you have done op  your post just reminded me of this do nt be the guy that ditches his mates when he gets a gf  shits pathetic ,czze4j6,drunk,lifestyle,1455438508,meltedwhitechocolate,2,0,3322,15278,0
donate them to flint they need the water  p,czze9re,drunk,lifestyle,1455439048,Mar-89,-1,0,941,2091,0
you ll be more sober than when you started  ,czzegnm,drunk,lifestyle,1455439775,cronchuck,0,0,3119,7315,0
i m making a giant 4course meal then i m going to eat it all alone with a giant bottle of gin aww yisss,czzepmv,drunk,lifestyle,1455440777,Multifoliate-Rose,1,0,172,6744,0
hey i ve been meaning to write a book i got some questions for you fellow author  first one is are you typing this on word ,czzevqe,drunk,lifestyle,1455441486,DieAloneAndForget,1,0,1,27,0
late to the party  but cheers in your honor ,czzey3x,drunk,lifestyle,1455441756,Fill_or_Potato,2,0,1,3,0
if they left it  it s up for grabs unless otherwise stated ,czzf0j6,drunk,lifestyle,1455442042,Fill_or_Potato,1,0,1,3,0
houston represent ,czzfgek,drunk,lifestyle,1455443960,Cleyra,2,0,4528,1267,0
man u on ecstasy    cuz i m feeliijg pretty fucking good too man  i m a bit drunk and took a lot of ritalin and am having like a constant orgasmic wave oh my god everything is fucking good i love u guys        oh shit hahaha fuck this feels crazy,czzftgp,drunk,lifestyle,1455445595,DieAloneAndForget,1,0,1,27,0
iamnotcastro lets kill it man ,czzg4rr,drunk,lifestyle,1455447046,Chicocat,2,0,940,125,0
nowadays i get so bo drunk and do so much stupid  irresponsible and dangerous shit that i get a panic attack the next morning i seehearfeel what i ve done ,czzgpyo,drunk,lifestyle,1455449715,Pozla,68,0,2986,3647,0
when it happens every weekend you know you got ta cut back a little,czzhhtc,drunk,lifestyle,1455452964,ThundercuntIII,14,0,4665,121807,1
 we played truth or dare and you kept picking dare so you had to kiss that one girl s feet and your crush sat on your face for like ten seconds   my face   https  iimgurcomatpc0p6jpg ,czzi9tl,drunk,lifestyle,1455455607,Thrashlock,17,0,798,21634,0
we love you too man,czzilzf,drunk,lifestyle,1455456639,reginaldkillington,1,0,0,0,
yeah  just pick two out of three of the drinks today and you should be fine ,czzj7qr,drunk,lifestyle,1455458301,JollyPants,1,0,1,246,0
and then i pretend that i do nt remember that ,czzk3pj,drunk,lifestyle,1455460489,HKizzz,9,0,1,685,0
i m  this  close to installing a sobriety sensor on my computer and phone so i can stop drunk shopping and telling people i barely know my most intimate details ,czzl1o6,drunk,lifestyle,1455462714,WcJessen,13,0,791,95236,0
this is definitely me if i get black out drunk but this reminds me way more of the days i used to use a lot of xanax ,czzmbb9,drunk,lifestyle,1455465242,shakedownstreet89,2,0,1066,3481,0
luckily i m apparently a very calm and non confrontational drunk that i do nt get these often at all even though i still do nt remember what i did the next morning usually i just get the  i tried to wake you up to get you to come to bed  from the wife though i was told after a party at the house i decided that my car was a better bed than my actual bed and had a huge argument with my friend trying to get me to go to bed instead of the back seat i woke up in the back seat at least i won the argument if you can call a trip to the chiropractor a win ,czzo0fw,drunk,lifestyle,1455468373,Money_Box,2,0,14060,6058,1
atleast you tried  dude ,czzorng,drunk,lifestyle,1455469708,Xararar,0,0,352,4872,0
and feeling the love  cheers if you feel the love too and if you do nt just keep your heart open fam,czzpcxt,drunk,lifestyle,1455470740,sgossard9,1,0,1081,13871,0
why would you sneak booze into a bar ,czzpsq3,drunk,lifestyle,1455471496,zeldaisaprude,1,0,19,10074,0
i fucking peed in the clean laundry basket last night while drunksleepwalking  and today i got yelled at by my soon to be ex while i peeled apart every neatly sorted pair of piss soaked socks and now  work called me off from tonight so i get a whole day off in a city i hate  where i have no friends  while my so  for now  is working  and im washing the pee clothes  there reddit  take my shitty hungover life ugh  feels good to get it off my chest ,czzpx80,drunk,lifestyle,1455471715,nononookay,1,0,788,8166,0
the worst is when your friends have videos ,czzpxb0,drunk,lifestyle,1455471718,l5555l,3,0,1338,58587,0
last night my roommate came into my room naked  he blacked out  was pissing in my room next to my laundry  came my way i freaked got out of his way and he tucked himself into my bed ,czzq5ak,drunk,lifestyle,1455472088,orosco5,1,0,1,17,0
hi what are you netflixing ,czzqymq,drunk,lifestyle,1455473456,benadrylwitch,1,0,1,1041,0
what s your favourite track  ultra light beam touched my soul  and fml with the weeknd feature was fucking bliss,czzs7vz,drunk,lifestyle,1455475545,SoFreshSoFly329,4,0,44,1359,0
is kid cudi in it ,czzthdr,drunk,lifestyle,1455477705,magnum7424,2,0,77,113,0
last weekend i made a huge fucking ass of myself at my best friends house it s alot of shit to type  but it involved alot of vodka  klonopin  weed and other party favors  still have nt really spoken to him since because i m so embarrassed my knuckles were split open from apparently fighting a toilet seat and falling into the bathtub ,czztsym,drunk,lifestyle,1455478258,mollymauler,4,0,9357,4554,0
god damn what did i do to myself ,czzty8z,drunk,lifestyle,1455478508,Mr_bananasham,1,0,28,18084,0
thermostravel mug would absolutely work if you re mixing with juice you can even use something clear if you like spices rum  buy something relatively close to apple juice  i use admiral nelson  and you can mix that shit half and half and barely tell it looks exactly the same and tastes so damn close  as for booze into a sports game it really depends at fedex field  redskins  they pat you down and use metal detector wands my dad has a small glass bottle of jack he fills because they do nt check you ass and it does nt trip the detector used to use a flask but he switched to the bottle when they brought the wands in ,czzurw6,drunk,lifestyle,1455479924,mr-fahrenheit_,1,0,3850,14751,0
chicken marinated in coffee ,czzv1ov,drunk,lifestyle,1455480383,RawPinkFlesh,5,0,0,0,
how did you get drunk by moon ,czzwo3z,drunk,lifestyle,1455483233,RawPinkFlesh,2,0,1,12511,1
and that s why i drink alone  and shitpost on the internet  ,czzwtac,drunk,lifestyle,1455483481,SuckItPeasants,3,0,11861,29248,1
just finished the bottle guys  it was tasty and as i am finishing up some assignments i remembered i still had to do i m feeling very good  fuck exes  acquire beer,czzx3hk,drunk,lifestyle,1455483944,soupy_scoopy,1,0,4987,5725,0
looks great  what kinda beer  happy valentines day  sorry your day sucks but today you do nt have to impress jack shit eat an amazing meal watch a good show or play a game or read a book fuck i dont know what you like to do but do it  cheers friend ,czzzkxq,drunk,lifestyle,1455488160,TheMoonIsFurious,1,0,89,6557,0
rip in peace headphones,czzzz8j,drunk,lifestyle,1455488860,avionus,3,0,227,4031,0
offer some games with it bro,d000e9i,drunk,lifestyle,1455489612,NickDerpkins,5,0,13981,215501,0
chin up buddy plenty of us drinking alone and single tonight happy valentine s  mate ,d000eys,drunk,lifestyle,1455489646,Backpacker-George,2,0,130,58,0
now that is a  keeper  my friend   do nt let her get away or you may regret it some cold st paddys day  ,d000hod,drunk,lifestyle,1455489778,MrsHolcome,5,0,1,6,0
mate  do you even have sauce on that  eating solely to survive i can respect that ,d000i6g,drunk,lifestyle,1455489803,Backpacker-George,4,0,130,58,0
you got dumped on valentine s day  ouch,d0010qu,drunk,lifestyle,1455490669,negativevictory,1,0,1,46,0
last time my ex gf and me bought some booze we got back together  haha  that was a wild night  but damn i hate being under the chains called relationship cant do whatya want you know cheers  heres one to ya m8 ,d001632,drunk,lifestyle,1455490921,BIPOne,1,0,1,7,0
i d drink with ya m8 even if it would nt quite be a valentines worthy date  haha  you re not alone i ll raise one to ya heres to ya cheers ,d001cby,drunk,lifestyle,1455491219,BIPOne,1,0,1,7,0
and the way to mine ,d001do1,drunk,lifestyle,1455491281,stillm4tic,2,0,1,60,0
finish off that monkey shoulder then your choice will become a little easier ,d002uoh,drunk,lifestyle,1455493949,rudytoottoot,1,0,2350,8647,1
i just got a blowjob and a case of pbr  now i feel shortchanged ,d0033nf,drunk,lifestyle,1455494408,fourthwallcrisis,1,0,1082,42192,0
jealous of the kitty,d004a9r,drunk,lifestyle,1455496657,jukebox8790,1,0,1,295,0
god damn,d004b37,drunk,lifestyle,1455496700,jukebox8790,2,0,1,295,0
damn,d004d04,drunk,lifestyle,1455496802,jukebox8790,2,0,1,295,0
woah,d004edw,drunk,lifestyle,1455496877,jukebox8790,1,0,1,295,0
is she single ,d004lhj,drunk,lifestyle,1455497246,Dumbshit_Drunk,1,0,1,392,0
have a group party and sample all ,d004nxv,drunk,lifestyle,1455497378,mexitex720,1,0,0,0,
at 6 weeks a puppy should nt be away from its mom 8 weeks bro,d004sdw,drunk,lifestyle,1455497612,metsman913,5,0,39,27559,0
single  self  awareness day  selfawareness  the gift you did nt ask for ,d004ti3,drunk,lifestyle,1455497672,negativevictory,1,0,1,46,0
same thing i do every year  get a 40oz of steel reserve  brass monkey it  down it as fast as i can  bonus points if it makes me tear up  and then spend the rest of the night in a haze contemplating my horrible life choices  cheers ,d005gj6,drunk,lifestyle,1455498873,dgturpin,1,0,397,5510,0
fortunately i have a beer fridge warlock is 10   new zealand givin me 95   this is great ,d006lu0,drunk,lifestyle,1455501005,zeekaran,5,0,7028,20861,0
hell yes except to go with my kraken i made homemade coconut chicken ,d00733x,drunk,lifestyle,1455501908,WilliamGrey,2,0,19,92,0
woman ,d007g4b,drunk,lifestyle,1455502573,zachpoo,1,0,2635,3043,0
short answeryes  long answergulp  gulp  smashwhat beers ,d0085l6,drunk,lifestyle,1455503838,FF36,1,0,1,2974,0
valentine  the patron saint of lovers and solitary drinkers  edit   oh  and bee keepers   https  enwikipediaorgwikisaint_valentine ,d0086su,drunk,lifestyle,1455503899,xalxolcotl,3,0,1,901,0
tldr swallow the booze,d008pf2,drunk,lifestyle,1455504782,busherrunner,3,0,0,0,
it s like they were meant for each other,d0096lz,drunk,lifestyle,1455505627,zachpoo,2,0,2635,3043,0
at least you re eating i m just getting drunk should have bought food earlier ,d009jdg,drunk,lifestyle,1455506283,The_Brain_Fuckler,1,0,1990,28273,0
noooooooo  good luck i ll send flowets to your funeral,d009mew,drunk,lifestyle,1455506438,zachpoo,2,0,2635,3043,0
there are perks to being single  i have a great relationship with my right hand the past few months cheers  mate ,d00agne,drunk,lifestyle,1455508055,MECHEpics,1,0,1845,867,0
i m expecting 100 people to tell you not to drink straight everclear because you re going to die  it s a shame you re never going to be able to read them on account of you going blind and all ,d00arjl,drunk,lifestyle,1455508657,RJPennyweather,2,0,5932,70235,0
lol been there before one time i woke up shirtless on my kitchen floor with a beer,d00ax6e,drunk,lifestyle,1455508967,hyledog,34,0,315,6461,0
me  alone in my room with a bottle of some cheap wine  a basic homecooked meal that more or less resembles the same thing i eat every other day of the year  waiting to download the walking dead today is a good day ,d00b4dq,drunk,lifestyle,1455509348,TMA-3,1,0,10712,52397,0
man  that dorm room and pose brought a lot of memories back too many incidents like this just glad there were nt really great cameras on phones when i went through ,d00bfyp,drunk,lifestyle,1455509991,919Esq,17,0,102,17927,0
you have a third of a beer,d00byql,drunk,lifestyle,1455511095,bigbadler,1,0,4516,7179,0
200 unread texts ,d00c2sq,drunk,lifestyle,1455511338,Trilogie,3,0,726,4293,0
i m good how are you ,d00c86k,drunk,lifestyle,1455511657,NJTalkinghead,4,0,83,2918,0
of course i m drinking  i m single on valentine s day,d00caqp,drunk,lifestyle,1455511815,hussard_de_la_mort,3,0,90,81568,0
and these sleepy fuckers are inhibiting my ability to play fallout happy vd to me ,d00cpji,drunk,lifestyle,1455512717,The_Brain_Fuckler,2,0,1990,28273,0
cheers  drinking alone here in seattle whiskey straight ,d00csge,drunk,lifestyle,1455512900,krisssninja,2,0,244,255,0
cheers buddy  drinking bud,d00ctss,drunk,lifestyle,1455512984,magnum7424,2,0,77,113,0
me i m drinking and i m alone,d00d3jm,drunk,lifestyle,1455513598,o0i81u8120o,4,0,187,26336,0
thats my face when i realize what i did but i know that no one will tell me and act like it never happened to my face ,d00d4ci,drunk,lifestyle,1455513649,vodsb,1,0,1,1623,0
the kraken is a killer i can hardly handle a shot of thatyet love it,d00d5ec,drunk,lifestyle,1455513716,vodsb,1,0,1,1623,0
cork particles taste like wine ,d00dgm6,drunk,lifestyle,1455514435,Stabme,2,0,858,24128,1
drunk was feeling down  then i put on some good music  now i feel good again how are you doing  friend ,d00dj3x,drunk,lifestyle,1455514591,Stabme,2,0,858,24128,1
what are you drinking amigo  what kind of whiskey ,d00drwt,drunk,lifestyle,1455515168,DieAloneAndForget,2,0,1,27,0
kraken drunk is the worst drunk  0     ,d00dsi4,drunk,lifestyle,1455515206,ButtchuggerMan,1,0,1,112,0
i once traded my ps3 and all my games for  50 and a bidet ,d00dtbz,drunk,lifestyle,1455515261,marcushelbling,1,0,12631,6403,0
 ,d00du22,drunk,lifestyle,1455515309,marcushelbling,1,0,0,0,
shoes off   close enough ,d00e9kc,drunk,lifestyle,1455516372,Teen_Rocket,13,0,2473,3491,0
i ve been told that pushing the cork inward rather than using a tool to pull it out is the polish way of breaking into a wine bottle it s just cork anyway ,d00efn1,drunk,lifestyle,1455516804,Rainiero,2,0,13,1334,0
never give up just pour that shit over a sieve into a glass if all else fails  just strain it through your teeth or just drink it you ll live  there are worse things to drink than wine corks ,d00eh5c,drunk,lifestyle,1455516918,drunkymcdrunkaccount,3,0,1,324,0
mind is shocking apple   if u needs soymone to talk to i am here bro  ,d00ei3m,drunk,lifestyle,1455516985,My_Nebuchadnezzar,1,0,1881,1706,0
looks like you also have pizza or fried chicken or some other food that leaves fingers greasy that would be perfect,d00eipz,drunk,lifestyle,1455517035,MediocreDeveloper,1,0,5,27,0
is kraken imanygood  i only can get beer from my friends,d00ejpb,drunk,lifestyle,1455517112,My_Nebuchadnezzar,0,0,1881,1706,0
i m here if u need to talk broo  ,d00ek6s,drunk,lifestyle,1455517149,My_Nebuchadnezzar,2,0,0,0,
he got all the important parts in  and just thought  this is fine ,d00eo2c,drunk,lifestyle,1455517441,IngsocDoublethink,3,0,622,6135,0
the ole  i hope i did nt get ass raped last night  position ,d00epz2,drunk,lifestyle,1455517586,apostledeets,0,0,364,41855,0
that is for sure close enough it counts as making it into bed for the nights ,d00f30e,drunk,lifestyle,1455518572,jrad151,1,0,2141,40547,0
hell ya lay it on me,d00f4k3,drunk,lifestyle,1455518690,DieAloneAndForget,1,0,1,27,0
hi  what s your story ,d00f5mi,drunk,lifestyle,1455518774,benadrylwitch,1,0,1,1041,0
oooo that sucks reminds me one time in my younger days when i got a cheap ass bottle of wine from a shitty gas station i kept it for like 5 days after opening and it had a terrible flat cork taste to it  whatever  it s alchol hehehehe  i said as i chugged that shit down just thinking about it now makes me want to gag cuz it was some nasty shit  cork and old wine dont mix prolly shud polish that shit off tonight yo ,d00f8tj,drunk,lifestyle,1455519026,DieAloneAndForget,2,0,1,27,0
question  do single dudes actually get sad on valentines day or is that just a trope  for the most part  it s a holiday for women who are in relationships and i ca nt imagine a single man giving a shit about it ,d00f966,drunk,lifestyle,1455519055,mightyjake,2,0,2381,46108,1
that dorm is too damn small,d00fchg,drunk,lifestyle,1455519314,lduckhunt,3,0,270,5658,0
one time i passed out with my shirt and pants off half way up the staircase to my room at least i tried,d00fk7q,drunk,lifestyle,1455519955,Sul9,10,0,6,530,0
there is a logical way to understand your story granted i dirnk to deal with things man  suicide never came to mind i just want you to know its never a possibility  things may seem bad  depression is bad  but i seen suicide  it s never the way my friend,d00fln4,drunk,lifestyle,1455520077,vodsb,1,0,1,1623,0
i just found out that the mouth of an absolut bottle will fit into the mouth of a powerade bottle just perfect i was gon na take a picture but then i was like man who cares  i now regret not taking the picture ,d00fxcn,drunk,lifestyle,1455521069,carbonatedmiracle,1,0,178,966,0
i ve been wanting to try it also  but i m on the east coast and i m not sure if it s only a west coast thing,d00g4yw,drunk,lifestyle,1455521740,Sergxh,1,0,3137,260,0
fuck yeah bro of cfucking course its best time of ytear to praise this shit youve got the right rucking idea bro i like that ,d00g6bf,drunk,lifestyle,1455521859,notsolurkinglurker,3,0,1132,1143,0
drink up man just do nt puke,d00hb18,drunk,lifestyle,1455525735,Qwertification,1,0,1,2146,0
gon na def use this i can down vodka easy but whiskey fucks me up bad ,d00hdpi,drunk,lifestyle,1455526020,Qwertification,1,0,1,2146,0
i wan na get some but the stores around me only have the cans but i want the glass,d00hg50,drunk,lifestyle,1455526279,Qwertification,1,0,1,2146,0
this http  youtube3zvtrqr7ns8,d00hp1z,drunk,lifestyle,1455527248,Phantomfury,2,0,73,543,0
looks like he made it to me ,d00i614,drunk,lifestyle,1455529187,PM_your_Chesticles,6,0,0,0,
 deleted ,d00ideh,drunk,lifestyle,1455530031,[deleted],2,0,0,0,
picked a good beer to go out with ,d00l7be,drunk,lifestyle,1455541280,p1ccard,1,0,886,1387,0
i once woke up with my original pants in the kitchen  another pair down to my thighs lying perpendicular on a foldedup futon like i was facedown laying at an angle propped up on the futon with a half of a bread roll in each hand ,d00lf8f,drunk,lifestyle,1455541935,The_Saucy_Pauper,1,0,592,8401,0
i said i m joining the army because i needa get rid of it,d00lk5b,drunk,lifestyle,1455542338,jamsssssss,1,0,86,63,0
give them to friends ,d00lkuu,drunk,lifestyle,1455542392,CoachPlatitude,1,0,1132,18510,1
how old are you,d00lsa3,drunk,lifestyle,1455542959,Dolphin_Titties,2,0,0,0,
what ya drinkin ,d00lwml,drunk,lifestyle,1455543281,jamsssssss,2,0,86,63,0
one night me and my mates were pretty drunk  i the drunkest  fell aswleep on the couch while the rest watched a movie  i sleep walking  picked up and shoe and put it on a friends knee and looked at him and went back to sleep not too interesting but my other stories are just me trhowing up and passinout in my bed,d00lzo5,drunk,lifestyle,1455543505,jamsssssss,1,0,86,63,0
most cliche shit i ve ever said but just be yourself bro  be someone slightly nicer than yourself to get the girl then be yourself  sounds like a cunt of a thing to do but at the start do nt be full on  anyway if she does nt like you for you  you wo nt like her simple shit mate,d00m26y,drunk,lifestyle,1455543687,jamsssssss,1,0,86,63,0
i bought a candle today no shame ,d00m9bi,drunk,lifestyle,1455544190,ItsaMeMattio,1,0,32880,18969,0
rumham  it s the only reasonable option ,d00mh50,drunk,lifestyle,1455544733,CrazyMarmoset,3,0,179,6466,0
 deleted ,d00mulr,drunk,lifestyle,1455545589,[deleted],2,0,0,0,
sturgis motorcycle rally,d00musb,drunk,lifestyle,1455545599,kn0wnaslunchb0x,2,0,800,2050,0
hey atleast he passed out on his stomach ,d00n1hg,drunk,lifestyle,1455546005,leviathan908,1,0,8,14310,0
i almost died a few weeks back from drinking too much ,d00oimp,drunk,lifestyle,1455548948,I_hate_alot_a_lot,1,0,1681,50543,0
 wake yo punk ass up snowflake  ,d00pvek,drunk,lifestyle,1455551291,4benny2lava0,1,0,0,0,
woke up new year s day in my back yard  soaking wet  nearly freezing to death thank god i live in florida or i would probably be dead apparently i had walked home after a neighborhood party and decided to grab the detachable kitchen sink hose to shower myself off  as well as everything within 20 ft of the sink  and then went out back to sleep ,d00qdl7,drunk,lifestyle,1455552117,deegsy,2,0,1,430,0
bob,d00rhk5,drunk,lifestyle,1455553872,billy12347,3,0,1,4362,0
the slippery gypsies  the gyprie slipperys  the nope slope  here comes the ham  the crack attack  attack of the crack  attack the crack  crack  the silent  the silent something  i found this on rdrunk  i found this on rdrunk courtesy of uitsamemattio priest enters nun  incoming sacrilege  ham city bitch  ham ham city bitch  ham  ham ass motherfuckers  the misfits  the misshits  here comes the hamagain  do nt doubt the ham  fred durst s dad  fred durst s ham  behind blue ham  ham  to shreds you say  fuck hiphop  go hamhop  literally hitler  literally hamler  just ham it  mark hammond  veganism  veganis nt  ham is love  ham is life  bacon is also good  the maid raid  the fade  atrophicious ,d00sicw,drunk,lifestyle,1455555426,ItsaMeMattio,3,0,32880,18969,0
one time i got really drunk  snapchatted my ex a picture of poptarts and said  lets fuvk  obviously she was nt amused,d00tge3,drunk,lifestyle,1455556849,TitsAndButtholes,2,0,300,284,1
for those wondering spent 6hrs there bar tab was  25 after the tip and it s at a bar about a mile from my house in fort pierce fl all in all it was an ok night,d00uktc,drunk,lifestyle,1455558480,amazinbp17,1,0,780,272,0
i passed out on a couch once my friends carried me back to my dorm room ,d00v98x,drunk,lifestyle,1455559459,water_bottle_goggles,1,0,1,5294,1
oh good  he landed near his keys  and not on them while in his pocket ,d00vdz8,drunk,lifestyle,1455559650,antagon1st,1,0,3139,27623,0
thermos would work what about a coffee tumbler ,d00wap3,drunk,lifestyle,1455560965,jukebox8790,1,0,1,295,0
lmao,d00wbri,drunk,lifestyle,1455561008,jukebox8790,1,0,1,295,0
 it happens to me a lot   http  imgurcomwfpobu5 ,d00xoay,drunk,lifestyle,1455562919,Queen_Biff,3,0,817,3,0
oh god who has nt one morning i woke up  checked my phone and i had like 15 facebook messages from people i had nt spoken to in like 2 years all girls  heavily flirting  not really reciprocated   i crawled back into bed and just slept away the embarassment ,d00yx0s,drunk,lifestyle,1455564684,tugsfordrugs,2,0,1,3544,0
kickass,d0108kx,drunk,lifestyle,1455566595,BlondeFalcon,1,0,27,25,0
yup,d014e0e,drunk,lifestyle,1455572597,curtesy,6,0,1103,13734,0
what kind of place do you live in that does nt sell beer past 8pm  ,d014hig,drunk,lifestyle,1455572739,Queen_Biff,3,0,817,3,0
kim pong un,d0174a2,drunk,lifestyle,1455576699,dokinbox,2,0,18456,3244,0
the drunkenest the do ntrememberest,d017sgj,drunk,lifestyle,1455577733,Kaih_,1,0,8944,9830,1
you ve never been sick until you drink a whole 12 pack of those fairly quickly so tasty ,d01bdif,drunk,lifestyle,1455583494,GummyFEET,1,0,1263,2304,0
that shit is dangerous an unsuspecting person would nt know there was alcohol in there,d01bpep,drunk,lifestyle,1455584028,ACatWalksIntoABar,1,0,4713,10404,1
remember to get rehydrated af,d01bqok,drunk,lifestyle,1455584086,ACatWalksIntoABar,1,0,4713,10404,1
that s pretty cool,d01c576,drunk,lifestyle,1455584738,ACatWalksIntoABar,1,0,4713,10404,1
i do nt understand anyone   ,d01c789,drunk,lifestyle,1455584825,ACatWalksIntoABar,1,0,4713,10404,1
damn son theres a dive bar a couple blocks from work with 250 bar rail shots and beers on wed and friday i suspect they water down shots if u order to table but if u order from bar counter you re set  many fucking fun stories of after work shenangigans one of my friends got so fucked he google mapped directions of how to get to the bar he was currently standing in ,d01cbog,drunk,lifestyle,1455585016,beyond_alive,1,0,88,2104,0
where in the article does it say that ,d01d33b,drunk,lifestyle,1455586206,ACatWalksIntoABar,2,0,0,0,
thanks for letting us know you vape ,d01d62i,drunk,lifestyle,1455586332,cbrier,1,0,24654,6782,0
hey i hope you feel better now  fam lt  3,d01d667,drunk,lifestyle,1455586337,ACatWalksIntoABar,1,0,4713,10404,1
congrats  i ve got a whole slew of pbr tall boys at my disposal i m solo drinking while my girlfriend is at her grad class and listening to sludge metal because fuck yeah ,d01e5pa,drunk,lifestyle,1455587885,ThatKennedy,4,0,1331,9087,0
as the ancient sumerians said   the road is long  beer is good ,d01efan,drunk,lifestyle,1455588296,ThatKennedy,5,0,1331,9087,0
what s everyone drinking tonight ,d01eji9,drunk,lifestyle,1455588470,nalin_pailin,1,0,1,0,0
just so the number of comments and the upvote number match  cause i m ocd  what do you like to do when you re drinking alone ,d01eko1,drunk,lifestyle,1455588521,nalin_pailin,1,0,1,0,0
bish i am the beer,d01f02u,drunk,lifestyle,1455589199,shiverstar,3,0,649,8862,0
the one time i drunk texted the texts were so fucked up the person receiving them thought i wasnt actually drunk,d01f0gb,drunk,lifestyle,1455589213,PointZeroTwo,1,0,7,1785,0
you ca nt go wrong with a 6  light beer ,d01fuwo,drunk,lifestyle,1455590546,Powered_By_Weed,17,0,415,470,0
my girlfriend says i m an alcoholic sometimes  mostly jokingly  but there s some truth in it it s hard to impart drunk ass nihilism on a super ideological driven person ,d01g375,drunk,lifestyle,1455590906,ThatKennedy,3,0,1331,9087,0
there is no such thing as  shit beer  if it s cold  it s good enough for me ,d01gar9,drunk,lifestyle,1455591238,GeronimoEKIAx2,8,0,17372,23657,0
 deleted ,d01hjqo,drunk,lifestyle,1455593212,[deleted],-2,0,0,0,
you like the sweet stuff  i m a fan of hoppy beer and spicy chips or peanuts together ,d01hm8d,drunk,lifestyle,1455593325,MediocreDeveloper,1,0,5,27,0
there s a time and place for every beer  cheers hope it helped ,d01igl3,drunk,lifestyle,1455594677,rudytoottoot,3,0,2350,8647,1
randy i am the liquor,d01ih62,drunk,lifestyle,1455594705,Rowponiesrow,13,0,2710,9359,0
http  imgurcomake9kd  marry me   i may be drunk  confirm marriage in 1218 hours ,d01ij6q,drunk,lifestyle,1455594800,shakefu,3,0,1117,3802,0
way to go on the new job ,d01ild8,drunk,lifestyle,1455594896,rudytoottoot,1,0,2350,8647,1
hi friend lt  3 drinking some best damn root beer  tonight    and watching some netflix tonight procrastinating from homework gilmore girls actually  as a man  i judge myself  but it s a really good show  how about you ,d01j39x,drunk,lifestyle,1455595725,mjrspork,2,0,45,13637,0
59  abv  i was under the impression that that was a seriously high alcohol beer like 9 or 10 ,d01j5pr,drunk,lifestyle,1455595836,mightyjake,1,0,2381,46108,1
eh,d01jcb7,drunk,lifestyle,1455596149,TicklishRocket,1,0,548,2793,0
i was 15 me and two other girls broke into her uncle s house and stole a litre of this like  mexican illegal liquor between the three of us we drank it all i blacked out  i m 21 now  still blacking out  i may or may not be an alcoholic  but i love it so whatever lmao,d01k057,drunk,lifestyle,1455597286,hero1n,10,0,60,287,0
first few times were in high school and rather vaguestandard the real notable memory i have is the day of my 21st birthday i went to buy a bottle of vodka  took it home and got absolutely obliterated with my girlfriend in about 45 minutes threw up on my bed 1010 would do it again ,d01k2jq,drunk,lifestyle,1455597407,deegsy,6,0,1,430,0
well  i do nt remember the first time that i got  drunk   i know i was about 1415 though i remember my first drink  orange gatorade and captain morgan  do nt try it  i was 14 at my best friends house on a random weeknight in summer i hated it  i remember the first time that i was a shit show  i was 16 and we went to 4 different parties that night ended up at some apartment in a not fantastic part of town with a bunch of 20 something foreign guys i d never heard of before we had a handle of that uv lemonade premixed crap and the last thing i remember is someone asking if i wanted to mix it with moonshine  i said yes   then i recall being in my parents basement throwing up in the bathroom at 4am  highschool was so great  eyeroll   drinks franzia moscato out of mug ,d01k7xl,drunk,lifestyle,1455597687,shimbers,2,0,2,88,0
got drunk in an alley with some friends from high school  forgot that some lady brought me out coal tablets cuz i was blacked out and i freaked out when i was throwing up black shit later thinking all my insides are coming out ,d01k844,drunk,lifestyle,1455597696,LtsFcknRage,3,0,1,539,0
i was nt gon na drink tonight but now i have to for testing purposes,d01k95b,drunk,lifestyle,1455597750,deegsy,1,0,1,430,0
lock that shit down lock it down now ,d01khns,drunk,lifestyle,1455598200,shimbers,1,0,2,88,0
snow days mean  uhhh  snow  and apparently way too much wine and really bad comic books  fuck i love snow days ,d01knmq,drunk,lifestyle,1455598519,Looksokay,1,0,1,38,0
i wish i knew you were into me as much as i was into you,d01l2uc,drunk,lifestyle,1455599356,deegsy,2,0,1,430,0
 no   a lot of my past experiences come from me not standing up for myself  letting people take advantage of me  and not saying no  i ve learned now and i ve tried to forget the wine definitely helps   drunkconfessions,d01l356,drunk,lifestyle,1455599373,winosaurs,2,0,13,58,0
there s only a few girls that i wanted to talk to and never did at the bars i m more confident to talk to girls that i m not really interested in i dont think im alone on this one,d01l3ce,drunk,lifestyle,1455599384,LtsFcknRage,2,0,1,539,0
that s some hank moody shit there,d01l48f,drunk,lifestyle,1455599432,BertMacklinFBhigh,2,0,644,1192,0
if you were in north carolina i d say let s go grab a shit beer together next time  cheers ,d01l4t0,drunk,lifestyle,1455599464,PGHWolfPack,8,0,324,258,0
white pandas new album https  myoutubecomwatch  v  jckd0_whwe,d01l582,drunk,lifestyle,1455599487,deegsy,1,0,1,430,0
i m pretty wasted so i m not sure if this question makes sense to me  lmao but  to my exboyfriend  i want to break into your jail cell  press our foreheads together  blame you for everything we put us through i wanted you to hold me but you looked at me like i was a germ you re a fucked up person but i m still waiting to hear from you ,d01l8s1,drunk,lifestyle,1455599688,hero1n,2,0,60,287,0
home brew  spewed my guts up several times  my dad was there  he made sure i had plenty of water and made me eat some bread later in the night ,d01lj8d,drunk,lifestyle,1455600285,PoglaTheGrate,2,0,4828,54680,0
been there  palbeen there,d01lnsf,drunk,lifestyle,1455600546,katonreddit,1,0,998,1263,0
i m listening to a random spotify playlist and drinking ice house beer cheers ,d01lsup,drunk,lifestyle,1455600845,weekend_ninja,1,0,74,808,0
i just got guitar hero live and got too drunk to play it so ive been listening to their playlist on spotify to see what they got,d01lt7j,drunk,lifestyle,1455600865,LtsFcknRage,1,0,1,539,0
i ve been drinking steel reserve and ice house it doesnt get much worse than that,d01lumt,drunk,lifestyle,1455600947,weekend_ninja,6,0,74,808,0
that cheap liquor is killer good luck,d01lvvg,drunk,lifestyle,1455601019,weekend_ninja,1,0,74,808,0
thats a nice kitty very unusual behavior is she sick ,d01lx96,drunk,lifestyle,1455601099,LtsFcknRage,1,0,1,539,0
you just need to utilize their cuteness to get the ladies ,d01m2sn,drunk,lifestyle,1455601443,StarInkyness,1,0,16183,12693,0
 deleted ,d01mgox,drunk,lifestyle,1455602324,[deleted],3,0,0,0,
gon na need a pic of these green contacts,d01mquu,drunk,lifestyle,1455602982,deegsy,1,0,1,430,0
do nt take pills after drinking so much it s bad for your liver strawberries and sex are good tho,d01msao,drunk,lifestyle,1455603078,deegsy,5,0,1,430,0
stay awake as long as you can without drinking  water and pickles if you have them if not  just go somewhere dark and think about your life and drink more,d01mtwg,drunk,lifestyle,1455603184,shithead54,2,0,1,23,0
the lactating llamas,d01mvh8,drunk,lifestyle,1455603289,Vaper08,1,0,110,119,1
i was 9  parents had friends over for new years and left their extra booze downstairs  next to the family room where me and my friends were delegated for the evening decided to go into fridge and try what our parents were drinking ended up being vodka  it was cold enough that it didnt bother us and we saw the adults doing it so we kept drinking it and pretending nothing happened ended up pooping in the waste basket in the basement and throwing beer bottles at cars,d01mxea,drunk,lifestyle,1455603416,shithead54,4,0,1,23,0
shit i m drunk as fuck right now go alcoholism  cheers m8 ,d01mztd,drunk,lifestyle,1455603579,IceOnMyCock,2,0,1,6,0
maybe i should share my first time  i was 17  and i was over at some dude s house that a bunch of my friends knew we went to his house and his parents were all cool with us being over and drinking we drank all sorts of stuff ranging from jack daniels to kirin ichiban beer  which tastes like ass do nt even bother drinking that horse piss   i was nt feeling anything until i decided that i needed to take a piss and suddenly the room span once i stood up i was groovin   feeling good  and just wanted to vibe with my friends i ll never forget washing my hands and seeing how fucked up i looked in that mirror before i walked out and kept drinking fast forward all these years later and here i am jamming out good times ,d01n14z,drunk,lifestyle,1455603666,kraxonalpha,2,0,1,327,0
as much water as you can right now i usually do 850ml and refill abut 3 hours before i need to be up then a cup of black coffee  sex  more water  a cold shower  another cup of coffee and water mixed with pickle juice you ll be fine ,d01n9t1,drunk,lifestyle,1455604261,shimbers,2,0,2,88,0
i did nt even know they made bl platinum anymore gets the job done ,d01nel1,drunk,lifestyle,1455604598,dukefett,2,0,7261,12106,0
on my left one friend was passed out and on my right the other one was having sex i was 15 we drank way too many md 2020s once she started having sex i drank two to try to sleep and i got so drunk but was still awake   i was nt that drunk and so i woke my friend up to switch places w me ,d01nk2f,drunk,lifestyle,1455604995,barelyaudible,3,0,1,236,0
shit  i still remember i was 19 and i had just been dumped by my girlfriend at the time i loved her lamf and i had nt had a breakup that bad before i drank the vodka my family kept in the kitchen  for cooking  which i had never even been tempted by before i mixed it with cranberry juice and i remember watching mad men until i blacked out it felt so good and i did nt know that you actually could nt just keep going and going all of a sudden i was waking up in my bed with the door knob removed and the empty bottle there on the table my parents said they found me on the ground passed out and had no idea what was going on i felt really shitty about scaring them and even worse about the whole breakup despite the copious amounts of vodka i had zero hangover now that i miss ,d01nqq3,drunk,lifestyle,1455605499,matthewmendoza,1,0,7569,3204,0
that s awfully greasy ,d01nvg3,drunk,lifestyle,1455605857,matthewmendoza,1,0,7569,3204,0
i was 16 years old  at a party  drank a bottle of wine  which is perfectly legal for a 16yr old in germany  and was pretty drunk since i do nt get hangovers it was a fantastic first time experience with alcohol but now that i m living alone it s a slight problem because i love wine waaaaay too much,d01oadn,drunk,lifestyle,1455607045,InvisibleOcelot,2,0,2338,2274,0
never seen those before where is their natural habitat ,d01oggn,drunk,lifestyle,1455607551,LtsFcknRage,1,0,1,539,0
im a man  and you sound fucking insufferable  go doushe yourself,d01p2o6,drunk,lifestyle,1455609502,shithead54,0,0,1,23,0
i was 15 at a friends house his dad was usually away on air force business his mom would let us have wine from time to time he had another friend that was 22 and was a regular presence there this night the dad was home for once but super sick with a kidney infection or some shit mom and 22 yr old get shit faced and let us drink vodka first time i ve had more than a single drink in a setting we decide in our drunkenness to go film people with our camera as was tradition long story short we found mom and 22 yr old fucking in the pool videoed it  nothing pervy we were yelling  what the fuck  as soon as we realized what was going on  younger son showed the dad craziest fucking night of my life ensued the dad trashed the house asked us what we knewbow long it was going onrealized we were hammered i hid under the bed i ve never been in such a fucked up situation yay booze,d01pcfk,drunk,lifestyle,1455610412,themayor1787,6,0,69,154,0
im drinking whiskey and eating keettle chips with sriracha which is surrosingly really good,d01pi3b,drunk,lifestyle,1455610953,bugrug,1,0,1,81,0
the first time i truly got drunk was visiting dartmouth i was on an official visit for football  was too scared to get drunk any of my previous times drinking  was visiting with one of my best friends  and just decided to go wild just broke up with my gf  frat parties  football parties and college girls as a senior in hs was heaven did nt puke  got some late night pizza  saw too many boobs to count that weekend was drunk for the plane ride him with my dad he was proud ,d01piiy,drunk,lifestyle,1455610996,CHARizard87,2,0,2574,2033,0
gj treating yourself   get all the gains tomorrow im also drinking over a guy right now which is stupid because i shoudlnt be but i cant sleep and nothing puts me faster to sleep than alcohol  ,d01pjqa,drunk,lifestyle,1455611117,bugrug,2,0,1,81,0
yer slackin op,d01pmpk,drunk,lifestyle,1455611417,Haboo65,1,0,380,22889,0
i was 16 or 17 i asked my brother  he was 19  for a bottle of rum and he bought me spiced rum like a good bro i ended up downing the quart extra quick because it tasted like vanilla coke and i loved vanilla coke and the rest is history ,d01qkae,drunk,lifestyle,1455614992,habs76,1,0,8530,33173,0
yesterday  21516   college dorm with svedka vodka am 19 and roommate and i decided to play shot pong at 5  00 pm sharp i m more of a toker so i had nt really gotten plastered before we played 4 rounds of pong with us taking one vodka shot per 3 pong cups and the last cup worth its own shot ended up taking 15 girlfriend tells me i was on the bathroom floor 50 minutes before i got up into bed  i remember having a blast  falling a lot  and feeling like everything was spinning took 8 videos that i had no recollection of what a day  edit  we found out i m the heavy weight of the group  must be genetics  but damn drinking is fun ,d01quf0,drunk,lifestyle,1455616143,Letpigeonsfly,0,0,536,983,0
i only remember throwing up and saying i ll never drink again  but look at me now  ma  look at me noooow ,d01r8ok,drunk,lifestyle,1455617803,Pizza_Magician,1,0,68,186,0
got out of school early drank vodka and tried to play halo with some friends wound up wandering to a park falling down the whole way and then getting arrested ,d01rcty,drunk,lifestyle,1455618293,FlounderBasket,1,0,6055,11695,0
jerry garcia band ,d01ritl,drunk,lifestyle,1455618994,leekylanturn,1,0,46,133,0
drank a bottle of wine just now what s good man ,d01ruz6,drunk,lifestyle,1455620396,Phasmore,1,0,297,4870,0
is this from the bulgarian remake of married with children ,d01rwc6,drunk,lifestyle,1455620555,Von_Kissenburg,2,0,146,14984,0
it s 20 minutes till 4 am here i m dangerously close to that point,d01sj04,drunk,lifestyle,1455623047,RighteousTurd,1,0,0,0,
oh man  i remember this my best mate took me out for beers we drank a bunch of draft beers i had seven  ha  current me laughs   i threw up on myself on the train home i could nt drink that same beer for five years without feeling sick ,d01teih,drunk,lifestyle,1455626003,Freddie_AppsHero,1,0,6400,190887,0
do nt remember  but my parents told me about it i was 25 years old  accidentally took a shot of whiskey at my dad s birthday party instadrunk  whiskey came out of my nose  staggered in the hallway and cried at the top of my lungs passed out later on and everything was fine  slept like a baby ,d01tsvd,drunk,lifestyle,1455627176,JollyPants,1,0,1,246,0
gt  205 upvotes unsubscribed those of you who find this post funny should consider stopping drinking or killing yourselves,d01vcf4,drunk,lifestyle,1455631022,ThundercuntIII,-2,0,4665,121807,1
you ve got some bloody big balls there i salute you  son ,d01vg9s,drunk,lifestyle,1455631256,Freddie_AppsHero,1,0,6400,190887,0
oh helli was probably 14 or so snuck my dad s crown royal in the back shed got hammered  decided to hang upsidedown off a tree limb  fell face first  broke my nose and spent most of the rest of the night bloody and puking good times were had ,d01w1tf,drunk,lifestyle,1455632504,keltsbeard,1,0,1,4216,0
oh look  now i m drinking red wine and cola  looks like the drunkness wins again ,d01y9ex,drunk,lifestyle,1455636487,Freddie_AppsHero,1,0,6400,190887,0
that looks like a good time  nothing like double drinks to get you by,d01ycem,drunk,lifestyle,1455636622,FNMuffinmann,17,0,3999,268,0
why not both,d021592,drunk,lifestyle,1455640848,Whys0_o,1,0,4034,6555,0
that image being slightly out of focus makes me feel slightly drunk ,d021jkl,drunk,lifestyle,1455641408,BanditMcDougal,2,0,13613,9795,0
fuck if i remember i think it was off of super cheap vodka when i was like14  ah  the good ole days ,d0220py,drunk,lifestyle,1455642084,necropaw,1,0,2578,81754,0
classic double fisting,d022esb,drunk,lifestyle,1455642641,Mdiddy7,18,0,1917,5110,0
 and also i ate this  and it was fuckin  good i wish i was eating it again right now   http  iimgurcom64lrwb3jpg ,d025a0i,drunk,lifestyle,1455646573,Freddie_AppsHero,1,0,6400,190887,0
do nt worry  you ll get laid again before you die,d025zc8,drunk,lifestyle,1455647524,ACatWalksIntoABar,4,0,4713,10404,1
u wan sex me ,d026k81,drunk,lifestyle,1455648308,Tomy2TugsFapMaster69,-7,0,480,70435,0
pop a poppler in your mouth  when you come to fishy joe s  what they re made of is a mystery  where they come from  no one knows  you can pick em  you can lick em  you can chew em  you can stick em  if you promise not to sue us  you can shove one up your nose ,d027alm,drunk,lifestyle,1455649287,Freddie_AppsHero,2,0,0,0,
that smile seems more genuine than most smiles that i see in other peoples photo s of that day ,d027xq5,drunk,lifestyle,1455650165,Digyto,20,0,1,558,0
i thought this was the only way to spend valentines dayand every other day  are we doing this whole thing wrong   ,d027yp0,drunk,lifestyle,1455650202,ramiro24,4,0,1415,3804,0
one for me another for me my true loves ,d028aw1,drunk,lifestyle,1455650659,floatingpancakes,3,0,1,8,0
says the woman holding the gigantic glass of wine,d028ngr,drunk,lifestyle,1455651128,R_EYE_P,5,0,307,3079,0
the face of pure joy ,d028ydu,drunk,lifestyle,1455651530,dervalient,5,0,1655,15001,0
are those long islands ,d029kpw,drunk,lifestyle,1455652356,stacersnape,2,0,0,0,
endless  beer  that a challenge ,d02ax1e,drunk,lifestyle,1455654152,Jumpset,2,0,3978,12171,0
xpost referenced from rcocktails by ustraight_up_ignant  the carburetor cleaner  white russian  malibu rum    https  wwwredditcomrcocktailscomments464corthe_carburetor_cleaner_white_russian_malibu_rum         i   am   a   bot   made   for   your   convenience     especially   for   mobile   users      contact   https  wwwredditcommessagecompose  to  originalpostsearcher        code   https  githubcompapernotesredditoriginalpostsearcher        faq   https  githubcompapernotesredditoriginalpostsearcher  faq ,d02bk5h,drunk,lifestyle,1455654976,OriginalPostSearcher,1,0,9,30443,0
you need a 3rd one in the crook of your arm wasted potential ,d02bn2j,drunk,lifestyle,1455655084,18-24-61-B-17-17-4,3,0,10985,19327,0
welcome to team everything is fucked forever  current team drink  scotchred winepeach iced tea on the rocks ,d02c3in,drunk,lifestyle,1455655675,Freddie_AppsHero,2,0,6400,190887,0
you are wearing a  wedding  ring  so you re with someone ,d02d7t8,drunk,lifestyle,1455657179,RC2000RC,5,0,3433,2862,0
     ,d02dibj,drunk,lifestyle,1455657569,timruddell125,1,0,90,5258,0
continuing with  something i found here amp  there   http  iimgurcomqxivwvjjpg ,d02fjwu,drunk,lifestyle,1455660292,R4P3FRUIT,1,0,108,114,0
adorable drunk face,d02gbki,drunk,lifestyle,1455661365,SPER,0,0,2700,22546,0
you should thank your friend,d02gff2,drunk,lifestyle,1455661515,shooshyeah,1,0,10,5,0
and with  this and that   http  iimgurcoma9yuvwcjpg ,d02ggwj,drunk,lifestyle,1455661574,R4P3FRUIT,1,0,108,114,0
i swaear i ll stop  after this onehd   http  iimgurcomlqalnifjpg ,d02gxe3,drunk,lifestyle,1455662227,R4P3FRUIT,1,0,108,114,0
awesome  enjoy while it lasts,d02hapx,drunk,lifestyle,1455662762,drunkfuckusername,1,0,1,0,0
okay  i guess i live in the wrong timezone or so whatevs,d02hp6l,drunk,lifestyle,1455663340,R4P3FRUIT,1,0,108,114,0
i would definitely double fist with you and sing bohemian rhapsody or maybe no singing ,d02iba6,drunk,lifestyle,1455664258,A_Lurker_Once_Was_I,-7,0,0,0,
story of my life  hater s  ndager ,d02idv5,drunk,lifestyle,1455664365,Everyt,2,0,1,54,0
i was 13 or 14  at a friend s confirmation party the restaurant we were at had no problems serving us wine  so i  naturally  got totally plastered spent most of the evening halfasleep ,d02itt4,drunk,lifestyle,1455665053,kintellect,1,0,1,79,0
hey man youre not alone im here drinking a box of wine,d02iwr3,drunk,lifestyle,1455665181,jbm91,2,0,3025,26675,0
concidering the fact that i have to work in 5h and that my body has to deal w 075l of redwine  125  vol  6x033l beer  25  vol  yeah i know i could ve done better   2x033l beer  48  vol amp  07l vodka  375  vol i am pretttttty fucked atm but since i work at a special needsdorm no one will noticeiguess  edit  changed    to  x  edit  oky now iamm drunk    lt   i am aware of this but i wanted to share this w rdrunk becaus of the spirt of this subredt pls pray for me amp  that my biss has mercy,d02jl0a,drunk,lifestyle,1455666218,R4P3FRUIT,1,0,108,114,0
i d be an alcoholic too if i had to sleep in a separate bed ,d02ke5f,drunk,lifestyle,1455667573,BlueprintBD,1,0,1,628,0
always the third wheel ,d02kqlw,drunk,lifestyle,1455668116,BWallyC,1,0,1074,13057,0
he does nt love lamp   ,d02m3u8,drunk,lifestyle,1455670185,dreadstrong97,1,0,65,20972,0
was 14 and stole my mom s cranberry vodka i wasdizzy and fell down do nt remember that much  i did nt really start getting drunk again until the summer that i turned 18,d02mesk,drunk,lifestyle,1455670661,Chrissy_rose,1,0,1,48,0
can i buy u a drink some time ,d02nfkb,drunk,lifestyle,1455672238,GwarBeastly011,0,0,553,1364,0
fucking same ,d02ov8g,drunk,lifestyle,1455674406,three_of_wands,1,0,39,196,0
lmao,d02r4s8,drunk,lifestyle,1455677924,jukebox8790,1,0,1,295,0
 mate  snap   https  imgurcomjmkc5kw  gf just came in  its 4 am  asked why i was still up i said i was studying and gestured with the book  im drunk af on gin and that was the book  she tutted and walked away though  i am a winner ,d02s2t0,drunk,lifestyle,1455679464,123537,1,0,0,0,
this is making me reconsider my stance on race mixing because this is an abomination ,d02tnp2,drunk,lifestyle,1455682145,mightyjake,2,0,2381,46108,1
let s get married or whatever,d02ts5l,drunk,lifestyle,1455682361,schuckster,0,0,0,0,
they still make smirnoff ice ,d02ttlp,drunk,lifestyle,1455682432,DownTrunk,2,0,69,111898,0
i hear ya on that  less than an hour left on my shift  already have a new bottle of vodka ready to go  just got ta pick up some tasty munchie food and prob watch the bms movie tonight here s to you good sir ,d02u4j6,drunk,lifestyle,1455682967,Sensual-Bacon,2,0,108,560,0
our town has a beer garden every summer i was age so i participated in the festivities i do nt remember much except it was awesome my girlfriend at the time picked me up and we went to mcdonalds then i fell asleep ,d02uqzb,drunk,lifestyle,1455684101,CapnCrunchDaPimp,1,0,333,8373,0
enjoy your time at guantanamo bay  you utter monster ,d02uyby,drunk,lifestyle,1455684480,hussard_de_la_mort,2,0,90,81568,0
we should have a mumblets server for people like us,d02v5pu,drunk,lifestyle,1455684861,Skjolde,1,0,1,1391,0
