0,1,2,3,4,5,6,7,8,9,10
someone should link this to rpussypass  port  denied ,czygxfy,offbeat,news,1455374419,Herzogsteve,-38,0,18,6802,0
this is a real bummer ,czyh72l,offbeat,news,1455375046,lazarme,7,0,1,503,0
please do nt let it be an americanyesyesyesusausa     ,czyhf2b,offbeat,news,1455375567,NiceGuyMike,119,0,3440,35265,0
that s absolutely ridiculous how is that a crime worthy of deportation  it s not her fault there were nt sanitary utilities to use ,czyhsup,offbeat,news,1455376425,wowlolcat,-36,0,11902,25966,1
the use of the term  private part  amuses me ,czyi37j,offbeat,news,1455377036,RosalRoja,51,0,89,1090,0
glory to arstotzka ,czyievg,offbeat,news,1455377718,jexton80,61,0,1495,3009,0
they deported her for having pages ripped from her passport  why  they were missing was probably irrelevant  but amusing ,czyj32d,offbeat,news,1455379061,Raslapagun,126,0,661,2690,0
 deleted ,czyk6fd,offbeat,news,1455381091,[deleted],-5,0,0,0,
i really do nt believe it i think it was better for her to say that than visa fraud  is nt that what you do in thailand  get across the border and then reenter from laos  i think your temp visa can be renewed that way  maybe she did it too much and ripped out the pages ,czykz4l,offbeat,news,1455382490,seditious_commotion,18,0,9716,60083,0
 more detailed account   http  metrocouk20160212womannotallowedintothailandbecausesheusedpassportaslooroll5677792 ,czykzts,offbeat,news,1455382524,Chive,5,0,10246,65539,1
it s a goauld  mothership   http  theawesomercomphotos200909091709_stargate_2jpg  ,czyqyyl,offbeat,news,1455392919,Pirat,2,0,1012,7231,0
i guess no one at the bar could spare a square ,czyrhcv,offbeat,news,1455393833,llaki,1,0,110,1921,0
i was expecting something like 10 weather or something  but temps in the teens  come the fuck on  that has to be commonplace for nyc yeah ,czysgp2,offbeat,news,1455395598,Kezika,10,0,51,4623,0
nyc is not alaska or ottawa  canada the city does nt want to encourage people to go outside during a wind chill advisory ,czyt994,offbeat,news,1455397028,noistradamus,25,0,2024,1962,0
so kanye is a delusional self involved narcissist news at 5 ,czyuh3l,offbeat,news,1455399237,utnow,15,0,2709,24276,1
dude  this was submitted two hours ago it is on the front pwg ge of the sub ,czyut3v,offbeat,news,1455399832,Sariel007,1,0,704422,150166,1
gt   unfortunately  after over ten years of putting up with lazy  obnoxious and rude  often threatening  people doing the this i no longer care if it  s a genuine mistake or not  this sentence did not inspire me to feel bad for her anymore ,czyxf5i,offbeat,news,1455404475,dan525,-10,0,1206,14417,0
there is a 90  chance that she did nt actually tear pages out for toilet paper probably she was denied entry to australia in the recent past and had a stamp reflecting that she thought she could outsmart the australian border checks this way ,czyy9rm,offbeat,news,1455406000,vaioseph,4,0,2969,1176,1
 deleted ,czyykl3,offbeat,news,1455406542,[deleted],-21,0,0,0,
is this typical commuter behavior in the uk ,czyywp4,offbeat,news,1455407137,thevigg13,2,0,336,10000,0
she s prettydumb ,czyzo75,offbeat,news,1455408478,killakyu5,1,0,32,2567,0
yay toxoplasmosis ,czyzsdz,offbeat,news,1455408680,dorkboat,1,0,2637,16455,0
gt  above  two children play near a statue of balto who was a black and white siberian husky sled dog in central park in new york city on january 30  2016  is there an rcaptiongore ,czyzxqi,offbeat,news,1455408948,vsync,0,0,1766,8801,0
large amount of cash   280 bucks  lol  everyone involved sounds kind of shitty  but thieves are just scum ,czz00qd,offbeat,news,1455409098,alexbrobrafeld,72,0,1,135,0
do train stations not have parking lots ,czz05lr,offbeat,news,1455409340,cphoebney,3,0,1,6384,0
i used to live a few blocks away from a university that charged  250 per quarter for parking people would park on the streets  or in driveways  and walk to school in a big city  offstreet parking is so expensive  a tiny driveway for one car adds 25  or more to your monthly rent  and these bastards were taking their expensive driveway spots the local police refused to have the cars towed  shocking considering how they d normally write a ticket for any tiny offense whatsoever i could nt afford an apartment with a parking space  i parked in the street 3 blocks away and walked ,czz0vqd,offbeat,news,1455410637,daschande,25,0,313,42727,0
ottawa canada here  we just cancelled a bunch of outdoor stuff  too cold,czz20eu,offbeat,news,1455412722,matty323,10,0,1062,24234,0
yes i have considered this being poor  and not being able to make a decent living really sucks but my kitties would be worse off if i were arrested  and i am not one to be able to steal  i hope she gets a small sentence and that her pets are going to be ok  and that no one was hurt  it s a shame that she had to resort to this i wonder how many people would have helped her  sad ,czz2cxa,offbeat,news,1455413336,RareBeautyEtsy,3,0,400,15348,0
for 10 years  wow  patientif the police did nt wan na do anything  i bet the local chop shop would ,czz37bv,offbeat,news,1455414865,GayManLoveIsOK,7,0,42,3376,0
i m assuming this was on his bucket list ,czz4cg3,offbeat,news,1455416921,annisarsha2,2,0,5,4096,0
 man is friends with shitty people ,czz4tug,offbeat,news,1455417706,AnindoorcatBot,14,0,10342,21878,0
10  f with wind gusts of 44mph no thanks even if they did nt cancel  nobody would want to go outside in that awful weather ,czz5iwx,offbeat,news,1455418911,eaglebtc,5,0,10766,26277,0
man discharges trouser trout while trousering trout ,czz6pxm,offbeat,news,1455420881,vanishing_point,14,0,327,15777,0
i get the feeling this psychologist gets high off his own farts,czz70dd,offbeat,news,1455421359,fatticus,1,0,1,5677,0
i grew up there  oh laaawd great place to raise a family ,czz7h1z,offbeat,news,1455422178,Planetoi,3,0,2900,2252,0
why is this labeled as  cpd  instead of  tennessee man  or something if this was florida  there d be numerous jokes already,czz7wwg,offbeat,news,1455423039,JarlaxleForPresident,2,0,1113,113036,0
rnotsubredditsimulator,czz8eie,offbeat,news,1455424032,McGlockenshire,1,0,1685,15750,1
 please  not  florida  please  not  florida  tennessee  yes ,czz9bck,offbeat,news,1455425935,Serima,11,0,13336,34271,0
this is classic misdirection ,czzbzt4,offbeat,news,1455431903,chaoticflanagan,5,0,1739,8252,0
breaking and entering  armed robbery for 280 fucking dollars ,czzccmu,offbeat,news,1455432830,jaqq,12,0,927,57167,0
beat me to the please do nt be florida,czzcgka,offbeat,news,1455433125,Shooternick,0,0,218,748,1
a real life  american dream   https  githubcombibanonbibanonwikiamericandream  scenario lucky guy ,czze9xf,offbeat,news,1455439065,Avagad,9,0,0,0,
why would he be fined  30k  it would seem there s a lot of blame to throw around for the mismanagement of government funds  but i do nt see why it would rest solely on him ,czzf9tl,offbeat,news,1455443154,WiWiWiWiWiWi,36,0,2094,112414,0
http  iimgurcomhide2gcpng i ca nt even read the story,czzg6ec,offbeat,news,1455447254,m0rrissey,2,0,239,2925,0
i pictured a suitcase full of money not 280 dollars ,czzg9px,offbeat,news,1455447700,marshal_mellow,2,0,13,13040,0
gt  a man got robbed after sharing a photo of himself holding a large amount of cash on snapchat  gt  robbed at knifepoint just several hours after posting the image on social media site  snapchat  gt  they then demanded the  280 that they saw in a photo on snapchat earlier in the day gt  he heard a noise but he assumed it was his house cleaner and ignored the noise  it s so badly written it s ridiculous ,czzgphc,offbeat,news,1455449659,tatch,9,0,2534,38184,0
israel is a shithole  and beyonce is a shithead we have a match ,czzgsa9,offbeat,news,1455449984,know_1_nose,3,0,1,3324,0
all she needed to do was get that toaster heating element for mr manners and he d have given her all the kitty litter she needed ,czzhede,offbeat,news,1455452580,fiendlittlewing,1,0,627,23500,0
that s a lot of kitty food ,czzhg9u,offbeat,news,1455452793,blackbutters,1,0,10034,36325,0
give the guy a break  after a case of beer  you have to make room for the trout somehow ,czzhkrx,offbeat,news,1455453274,EnIdiot,3,0,806,13507,1
seems legit where can i donate ,czzi9yb,offbeat,news,1455455618,Dirtydeedsinc,158,0,5838,69773,1
he did nt win an award  he was automatically eligible to win one due to his length of  employment  ,czzifew,offbeat,news,1455456086,roflcopter_inbound,13,0,9,10445,0
hold up can we take a minute to talk about how the trout is valued at  130 ,czziqga,offbeat,news,1455457013,redheadartgirl,3,0,4147,8894,0
 deleted ,czzisng,offbeat,news,1455457201,[deleted],1,0,0,0,
 the biggest scam ever on planet earth   http  wwwtheregistercouk20040416cosmic_419er ,czzitye,offbeat,news,1455457304,umoetteumoh01,20,0,28676,628,1
he got too greedy he should ve shown up once in a while to make sure things were copacetic ,czziulz,offbeat,news,1455457357,SAMO1415,1,0,8519,65532,0
florida manat it again ,czzixkc,offbeat,news,1455457596,cd411,1,0,2654,96776,1
this is not fucking offbeat ,czzj7x7,offbeat,news,1455458314,Paulpaps,3,0,141,19296,0
this guy is my hero ,czzj92d,offbeat,news,1455458389,rib-bit,1,0,4098,66224,1
til  280 is a large amount of cash ,czzjwjs,offbeat,news,1455459992,Sqwirl,3,0,718,69794,0
the guy has a big future in upper management ,czzjzv0,offbeat,news,1455460223,wubwub,7,0,122,4282,0
pretty sure i saw this article here a few days ago without the shitty fucking clickbait title  fuck this piece of shit submission ,czzl0xk,offbeat,news,1455462666,chairitable,-7,0,286,35227,0
nasa  negros ai nt supposedabe astronauts,czzl1ft,offbeat,news,1455462699,BorisKafka,-22,0,730,12033,0
 same story  different article  the nextweb   http  thenextwebcomshareables20160212thisnigerianscamisliterallyoutofthisworld ,czzl2o6,offbeat,news,1455462775,bart2019,2,0,770,19978,0
grammar errors  structural errors  no citations or links i would nt take this article too seriously this is someone s play at being  journalistic   not an actual creditable source ,czzl3xg,offbeat,news,1455462851,woxihuan,11,0,1,19350,0
is this email from 04  14 years from 1990 is not 2016,czzla5d,offbeat,news,1455463221,Danyell619,108,0,15077,5450,0
this is the best tl  dr i could make   original   http  wwwtelegraphcouknewsuknewsdefence12152111baesystemsswissarmyknifearmouredterriertankhtml  reduced by 74    i m a bot       gt  it has been now been enhanced with sophisticated new technologies and systems by defence engineers at bae systems  ensuring it keeps a step ahead of competitors  gt  amp  quot  bae systems land export sales manager rory breen said  amp  quot  the greater wading depth and surge protection will make terrier even better suited for use in coastal or low lying areas  where it can play an important role in disaster relief as well as combat situations  gt  bae systemsamp   039  engineers continue to develop new modular attachments  meaning that terrier customers can upgrade their vehicles to meet new requirements without changing platforms          extended summary     http  npredditcomrautotldrcomments45r9eiswiss_army_knife_armoured_vehicle_unveiled    faq   http  npredditcomrautotldrcomments31b9fmfaq_autotldr_bot  version 16   36293 tl  drs so far     theory   http  npredditcomrautotldrcomments31bfhttheory_autotldr_concept    feedback   http  npredditcommessagecompose  to   23autotldr  pms and comment replies are read by the bot admin  constructive feedback is welcome     top   keywords     system     1   terrier     2   new     3   engineer     4   combat     5,czzm0cj,offbeat,news,1455464650,autotldr,1,0,18,106620,0
yes yes  too cold for ice the irony  jesus christ i have seen this about 50 times this past week ,czzmdr4,offbeat,news,1455465374,Bic13bic,0,0,8,3123,0
irritating website ,czzmmm4,offbeat,news,1455465841,supersauce,3,0,29,49614,0
is there like a code of honor amongst scammers that their persona must come from nigeria or something ,czzmynq,offbeat,news,1455466467,triface1,76,0,2,978,0
i have noted this goat ,czzn2ps,offbeat,news,1455466674,bpoag,0,0,53579,57290,1
people are saying this is a scam so it was a bad idea to send the  3 million ,czzn31k,offbeat,news,1455466690,teh_wad,21,0,9,406,0
greetings to you in the name of god i am so much happy to have received your message and i thank god who in his infinite knowledge has directed me towards you for his service may his purpose be brought to manifestation in jesus name  the reason for which i contacted you is to solicit for your service for uplifting the orphans and underprivileged i inherited this money from my late husband and i don  t know how much the accrued interest on the money for the past few years the money has been lying in the custody of bank of africa  boa   i have made up of my mind to entrust the fund in your care to be distributed to charitable organisation in any country that mostly need some support and to other i want the money to reach the less privileged in the society  especially the motherless children  the orphans and the handicapped i intended to keep the money for my adopted child but unfortunately  my adopted child got involved in a bus accident while returning back from school and he died i finally made up my mind to donate out this fund after being diagnosed of cancer by my doctor that was few months ago recently  my doctor insisted that i must go for surgical operation  or else  it would get to uncontrollable stage he also made me to understand that my chances of surviving the operation would be 5050 and that the surgery operation must be done based on that  i decided that i have to will off the fund to the suffering children first before going for the operation  in view of the above  i want you to assure me that you are going to utilize this money that i am about to entrust in your care  that the money would not be used in some other things that are not in line with what i have proposed for the money please  i want you to write back to me and acknowledge to me that the money must be used judiciously once i receive your response to this message  and if your vision towards this project is acceptable with me  i shall then put you in contact with my late husband  s lawyer in ivory coast  barrister david anan  who is going to work hand in hand with you for transfer of the money to you  because i may not be able to communicate again once am placed on medical supervision for my operation coming up next week  please  i want you to put me in your prayers always i am not yet discouraged i believe by his grace  my operation would be a successful one  i am impatiently waiting for your reply  yours faithfully  mrscatherine peters,czzo4yw,offbeat,news,1455468600,imafuckinzombie,4,0,1,380,0
and he will reward you with ten time that amount when he returns home ,czzo5t6,offbeat,news,1455468643,K-I-N-G-A-G-whammy,2,0,284,9049,0
i ll have whatever he had ,czzo82j,offbeat,news,1455468754,dutchboy99,1,0,124,4735,0
i m sure  from time to time  people do fall for these scams however  i m sure the venn diagram that contains people who fall for these scams  and people who have a spare  3m dollars  consists of two entirely separated circles ,czzo9us,offbeat,news,1455468847,HonoraryMancunian,16,0,48848,37880,0
i hope a few people sent a handful of dollars in appreciation of hisher creative authorship,czzop5b,offbeat,news,1455469584,roamingandy,11,0,895,8568,0
so offbeat,czzppbo,offbeat,news,1455471336,st112570,1,0,0,0,
the nigerian scammers are ab testing ,czzpuch,offbeat,news,1455471575,tehbored,2,0,2936,86385,0
he must be very important ,czzqi1h,offbeat,news,1455472688,dumbassdailynews,1,0,263,114,0
he s better off in space,czzrjxf,offbeat,news,1455474431,dumbassdailynews,1,0,263,114,0
will 3 million in confederate cash be okay ,czzrpop,offbeat,news,1455474700,hbaum11,2,0,2,1145,0
what a time to be alive,czzrw3i,offbeat,news,1455474991,shaggorama,2,0,29168,188279,1
how do you spend  3000000 in space  i d have enough trouble spending it on earth ,czzs8qp,offbeat,news,1455475585,FailedSociopath,2,0,3,24973,0
please  i want you to write back to me that the surgery operation must be used judiciously ,czzse96,offbeat,news,1455475844,whip__n__dds,2,0,1,-4,0
i love the tundes ,czzsppd,offbeat,news,1455476375,______POTATOES______,1,0,684,10807,0
just wait til after the elections once trump and hillary let their twitterbot leases expire ,czzt57q,offbeat,news,1455477117,Cadaverlanche,4,0,3109,38829,0
i believe you have my stapler ,czzt8rk,offbeat,news,1455477289,munchpak,2,0,436,449,0
would love to see one of those guys who strings these scammers along try and make him send pictures i think it is a website called 419eater  edit 419eater  not 409 ,czztj7c,offbeat,news,1455477790,abesrevenge,2,0,860,11982,0
this is the best one yet that i ve seen from a nigerian ,czzu95p,offbeat,news,1455479030,shakyjoe,1,0,1442,82,0
niggers in space  space niggers who would have thunk it ,czzuiv0,offbeat,news,1455479498,JJJJJjon,-13,0,1,602,0
gon na try to refuckulate and land on juniper ,czzw03o,offbeat,news,1455482082,felixar90,3,0,5400,80528,0
fuzzy wuzzy was a bear fuzzy wuzzy had no hair fuzzy wuzzy was nt fuzzy  was he ,czzw60g,offbeat,news,1455482372,shahooster,1,0,1352,56492,1
keep your racebaiting crybaby bullshit to yourself the  completely flawed  article does nt even support your claim ,czzxvve,offbeat,news,1455485257,sonicjesus,0,0,63,11275,0
this is major tunde to ground control ,czzynfi,offbeat,news,1455486602,wastelander,4,0,2523,16581,0
i never get these amazing offers,czzz6zf,offbeat,news,1455487493,Owentardi,2,0,142,1,0
milton is that you ,czzz7ay,offbeat,news,1455487508,JuneRunner11,1,0,1539,11301,0
not roffbeat,czzz8cl,offbeat,news,1455487558,nerddtvg,1,0,473,30851,1
 patient s head catches fire  yes  that s one of the headings in the article ,d0002h2,offbeat,news,1455489025,ShortWoman,3,0,4815,36120,0
looks more like this was written by a contentwriter for boingboing or anorak ,d001ux6,offbeat,news,1455492114,sfacets,3,0,0,0,
the trouble is that the article is scattered it complains about surgery errors  supervisory errors  legislative errors  lack of error reporting  even legal errors i blame editorial errors ,d004kxw,offbeat,news,1455497217,WendyLRogers3,2,0,428,85670,0
oh lawdy,d004nxs,offbeat,news,1455497378,mr18inches,1,0,875,16824,0
right  time to teach yall something important when you re doing business with a religious son of a bitch get it in writing  his word is nt worth shit  not with the good lord telling him how to fuck you on the deal ,d0064ki,offbeat,news,1455500103,Jewbano,2,0,922,673,0
 deleted ,d0080e7,offbeat,news,1455503579,[deleted],3,0,0,0,
so that s who took martin shkreli s money ,d008e98,offbeat,news,1455504256,Champigne,1,0,2777,12334,0
this is the best tl  dr i could make   original   http  wwwtheguardiancomfilm2016feb08oscarsgiftbagnominees200kbreastliftsextoyjapanholiday  reduced by 74    i m a bot       gt  oscar nominees in this yearamp   039  s major categories will go home with a gift bag worth  200000  featuring such essential items as a breast lift  sex toy and 15day walking tour of japan  gt  the package also features a yearamp   039  s worth of unlimited audi car rentals  worth  45000  and a lifetime supply of lizora skin creams  worth  31200  gt  best actor favourite leonardo dicaprio will presumably be unmoved by the amp  quot  vampire breast liftamp  quot  on offer  worth  1900  a procedure that uses the patientamp   039  s own blood to achieve amp  quot  rounder cleavage without implantsamp  quot  and is said to be the latest thing in la but he might perhaps consider  5530 worth of laser skin therapy after all that time suffering in grim weather conditions on set of the revenant          extended summary     http  npredditcomrautotldrcomments45uhkposcars_gift_bag_worth_200k_to_include_breast_lift    faq   http  npredditcomrautotldrcomments31b9fmfaq_autotldr_bot  version 16   36418 tl  drs so far     theory   http  npredditcomrautotldrcomments31bfhttheory_autotldr_concept    feedback   http  npredditcommessagecompose  to   23autotldr  pms and comment replies are read by the bot admin  constructive feedback is welcome     top   keywords     worth     1   oscar     2   actor     3   dicaprio     4   year     5,d0095mv,offbeat,news,1455505577,autotldr,1,0,18,106620,0
does this count as news ,d00bdi1,offbeat,news,1455509853,not_enough_characte,1,0,14231,59356,0
 you know what  we need your seat for cargo stay here we ll bring supplies and fill the returning ships with cargo also do nt worry  though  you re gon na get paid overtime ,d00cc32,offbeat,news,1455511896,thisismeingradenine,2,0,1144,13717,0
  to cut or not to cut  norman wells  nwt  goes years without a hairdresser   http  wwwcbccanewscanadanorthnormanwellsnohairdresser13434751   by katherine barton  published on 8 february 2016  http  wwwcbccanewscanadanorthnormanwellsnohairdresser13434751,d00cvtk,offbeat,news,1455513109,trot-trot,1,0,1247459,28953,0
you re not going to get a soyuz booster for  3m  that s where it all falls apart ,d00fdyt,offbeat,news,1455519433,TidalSky,1,0,61975,26115,1
seriously ,d00gf1q,offbeat,news,1455522646,ceeceerose,1,0,10684,60,0
 deleted ,d00kqnr,offbeat,news,1455539761,[deleted],23,0,0,0,
conan is the best  d,d00kqr0,offbeat,news,1455539770,BoxMonster44,2,0,2604,10205,0
 is this some kind of bust    https  wwwyoutubecomwatch  v  u44mxp_c3rs ,d00kzis,offbeat,news,1455540586,qcquark,4,0,58,57715,0
ah yes  wnd they are   the onion   for the conservative sjw s ,d00m92n,offbeat,news,1455544173,i_dont_like_math,-5,0,1,2,0
there is potential there to use mockups of that octopus as gags for years to come everything from an obviously fake tentacle sticking out of the corner of his mouth  to showing fake  live feeds  of the octopus getting larger  then enormous  then as scenes from mega shark versus giant octopus  2009   this list of potential gags goes on and on ,d00ma9a,offbeat,news,1455544258,WendyLRogers3,5,0,428,85670,0
 a better source   http  wwwbbccomnewsmagazine19831913 ,d00mizv,offbeat,news,1455544854,catsmustdie,26,0,44691,22724,0
 all you dudes in san fran play rap music in your homes but never help the real artists  the music business is like any other business  and buying an artist s music is a business transaction  trading money for goods if he is nt making enough money to support himself  maybe he should quit music and get a new job  also  how do you get  53 million in debt  you would think that after the first couple million a person would think  hey  maybe i should nt buy another house  or whatever it s pretty bizarre ,d00mo9q,offbeat,news,1455545194,fungihead,5,0,2,1269,0
dope on the table proof we re winning the war on drugs ,d00mrih,offbeat,news,1455545400,chomputer,4,0,446,7016,0
that might have a correlation with there being more people in the world than ever ,d00mxtn,offbeat,news,1455545782,fatfook,264,0,9663,28693,0
27 million out of 7 billion  just a sensationalist title to get people to read what boils down to an 8th grade history essay  there s nothing profoundly shocking or offbeat about these numbers ,d00ndxo,offbeat,news,1455546737,GALACTICA-Actual,29,0,0,0,
i mean i m kind of not surprised whenever you make something illegal there s usually more of it  it s a damn shame ,d00ntuv,offbeat,news,1455547625,koji8123,-6,0,0,0,
they certainly do nt want a repeat of last year  when several of their guests were captured  barbecued on spits and eaten ,d00o49q,offbeat,news,1455548186,WendyLRogers3,1,0,428,85670,0
i wonder how this works out per capita like we might have higher numbers of homicides today than 10000 years ago but per capita its over 20 fold lower ,d00o4ga,offbeat,news,1455548195,jamkey,16,0,1120,10607,0
not surprising given how much we hear about republicans trying to bring back slavery s,d00oplw,offbeat,news,1455549303,thegreatestajax,-6,0,0,0,
do nt forget those incarcerated and made to work to afford their keep ,d00opnt,offbeat,news,1455549306,igottashare,9,0,0,0,
so offbeat ,d00pcu3,offbeat,news,1455550425,RubyRubyRoo,7,0,2951,780,0
this needs to be sketched ,d00plga,offbeat,news,1455550833,tdogg1967,1,0,1554,3714,0
it s really unfair to compare the kind of slavery that existed when governments had laws allowing some people to own other people  to the situation today  when the laws of the state say that you re property  you have no recourse at all if you escape from your owner the police will bring you back you would have to escape the entire country to be free  if the laws of the state forbid slavery  there can still be corrupt cops who will protect the ones using slavery  but there s much more hope for the people who are effectively slaves to get a better life ,d00rswr,offbeat,news,1455554361,immerc,9,0,3260,113546,0
why is this shit in offbeat ,d00rtg8,offbeat,news,1455554384,Freshyfreshfresh,18,0,74,2175,0
if only prostitution were legal ,d00sacm,offbeat,news,1455555099,zstandig,1,0,1,10715,0
meanwhile  some black people whos family has no slaves in it goes around saying how repressed the black man is becaise some blacks slaves owned by blacks were sold to white people,d00sf18,offbeat,news,1455555292,RhapsodyPolice,-5,0,5199,2400,0
maybe doing shit like  this   http  wwwdailymailcouktvshowbizarticle2391072kanyewestbuyspair1millionarmoredvehiclesshuttlekimkardashianbabydaughternorthhtml  is nt the best idea when you re in debt  oh and  this   http  wwwusmagazinecomcelebritynewsnewskanyewestbuyskimkardashian150presentsforchristmasdetailsw160441  was just this past christmas  cry me a fucking river kanye ,d00swqy,offbeat,news,1455556034,TrappedinTampa,8,0,185,4384,0
all the top comments downplaying the statement instead of being outraged that slavery even exists in the first place ,d00t334,offbeat,news,1455556297,develdevil,3,0,12703,20519,0
it seems a little disingenuous to count people working jobs  for no pay beyond subsistence  as  slavery ,d00tfov,offbeat,news,1455556821,Whind_Soull,4,0,87834,148629,1
constitutionally allowable in the good old u s of a ,d00tv9o,offbeat,news,1455557457,Op69dong,-3,0,69,783,0
kanye must do the right thing and kill himself ,d00u42l,offbeat,news,1455557813,soyabstemio,2,0,3092,56812,0
ca nt kim help him get the money  she makes a lot of money too,d00v4rr,offbeat,news,1455559279,JuneRunner11,2,0,1539,11301,0
this brings tears to my eyes,d00wxk6,offbeat,news,1455561862,Maryrow,7,0,7462,192,0
and that s just the people with college loans ,d00xbc2,offbeat,news,1455562406,GreenHorseFumble,6,0,0,0,
every time police find stuff like this  one person is killed for every  30000 or so because the organizations who distribute cull pretty aggressively  nice going  guys s,d00xqej,offbeat,news,1455563000,osakanone,1,0,3039,12032,0
please go away you idiot ,d00xrct,offbeat,news,1455563036,bgoody,3,0,151,1139,0
this article pretty much claims muslims were responsible for starting the african slave trade  ignoring european colonial role in bringing african slaves to the americas  but suddenly christian missionaries were responsible in ending slavery what a load of incredibly biased bullshit from the world net daily  for people who are nt aware the world net daily is a right wing conspiracy website  who spends a lot of resources spreading the obama birther and antimuslim nonsense and you should take a lot of their agenda based articles with a grain of salt ,d00yj0t,offbeat,news,1455564131,Wraith12,4,0,24046,39975,0
this is the best tl  dr i could make   original   http  wwwtheguardiancomusnews2016feb15hookersforhillaryclintonnevadacaucusesberniesandersmoonlitebunnyranch  reduced by 91    i m a bot       gt  hookers for hillary was the brainchild of brothel owner dennis hof and the working girls at the moonlite bunny ranch  and it marked a hard left turn after pimpinamp   039  for paul  the groupamp   039  s 2008 and 2012 efforts to propel libertarian ron paul into the white house  gt  amp  quot  hookers for hillary isamp  quot  a great way to get  not only the bunny ranchamp   039  s name out there  but to get more support for hillary hopefully maybe people who were not really  political  followers before kind of looked into it and went  amp   039  wow  this is big  whatamp   039  s going on  amp   039   gt  amp  quot  weamp   039  re helping hillary and weamp   039  re helping ourselves women should help other women  right  amp  quot           extended summary     http  npredditcomrautotldrcomments45yge3hookers_for_hillary_meet_the_sex_workers    faq   http  npredditcomrautotldrcomments31b9fmfaq_autotldr_bot  version 16   36620 tl  drs so far     theory   http  npredditcomrautotldrcomments31bfhttheory_autotldr_concept    feedback   http  npredditcommessagecompose  to   23autotldr  pms and comment replies are read by the bot admin  constructive feedback is welcome     top   keywords     hillary     1   ranch     2   hof     3   bunny     4   worker     5,d010qb5,offbeat,news,1455567313,autotldr,1,0,18,106620,0
this is the best tl  dr i could make   original   http  wwwabcnetau730content2015s4407113htm  reduced by 95    i m a bot       gt  when she arrived at bacchus marsh hospital five months later  caress was unaware the hospital was already in the middle of a crisis  gt  louise milligan  when she came back to bacchus marsh hospital two days later  they discovered baby ruby was dead a distraught jacinta was asked to drive to ballarat hospital 56 kilometres away to deliver the child  gt  louise milligan  730 has established that at least three doctors apart from dr parhar who were involved in some of the avoidable baby deaths are still practising at bacchus marsh hospital and ahpra is now doing a wider investigation into those and other doctors at the hospital          extended summary     http  npredditcomrautotldrcomments45yhljbacchus_marsh_hospital_baby_death_count_higher    faq   http  npredditcomrautotldrcomments31b9fmfaq_autotldr_bot  version 16   36628 tl  drs so far     theory   http  npredditcomrautotldrcomments31bfhttheory_autotldr_concept    feedback   http  npredditcommessagecompose  to   23autotldr  pms and comment replies are read by the bot admin  constructive feedback is welcome     top   keywords     hospital     1   marsh     2   bacchus     3   louise     4   milligan     5,d010yxo,offbeat,news,1455567661,autotldr,1,0,18,106620,0
what do you know even geniuses have trouble balancing s checkbook ,d012dsc,offbeat,news,1455569669,Geekenstein,3,0,2,3167,0
it s ok my church  mormon  recently came out with a  no two ear rings  for youth policy we are doing our part in this great moral battle ,d012o8c,offbeat,news,1455570082,angrybert,0,0,24,380,0
 there are eight million stories in the naked city this has been one of them ,d013ekp,offbeat,news,1455571148,soyabstemio,4,0,3092,56812,0
this should be in rnottheonion i think ,d014cc4,offbeat,news,1455572530,Helicopterrepairman,25,0,0,0,
for a little perspective  because this is the kind of thing that s very easy to overlook as a thing that only happens  elsewhere   i live in canada and about two years ago there was a slavery ring broken up in the town i live in  immigrants were being lured over with the promise of amazing jobs and then being forced to work in mall kiosks they were kept imprisoned in one house together and  fined  for breaking rules so that at the end of the day their  employer  withheld all the wages  and threatened violence against anyone who complained ,d014hns,offbeat,news,1455572745,Korrin,4,0,0,0,
hatton garden mastermind strikes again ,d014m27,offbeat,news,1455572921,soyabstemio,1,0,3092,56812,0
i believe it former journalism outfits that had name recognition are basically stooping to the level of a blogger or ad network that will put out knowingly incorrect information or will sometimes just straight up lie in order to create a graph showing the number of hits their articles are hitting so they can sell the traffic to the highest bidder  these outfits do nt have to worry about their names being tarnished bc they can just start up a new site  migrate the content and no one is the wiser  there is a great book written by ryan holiday in which he spent about 6 months claiming to be an expert on a site journalist use who are already know what they want to say but need a source to quote  he was quoted as an expert in fields he had no clue about  in several very reputable organizations articles  nyt  washington post   he used his real name the entire time and all the  journalist  would have had to do was do even minimal research to discover he had already gotten a ton of press exposing media corruption  eventually he had his assistant pretending to be him and he was still getting quoted  the great part was once he revealed he had basically duped all these publishing outfits they were outraged at him for lying nevermind the fact the journalist did no fact checking whatsoever and in some cases never communicated with him in any form other than email  this is the type of journalistic integrity we have going on so i absolutely believe this ,d015aen,offbeat,news,1455573919,mymainthrowaway,18,0,10,765,0
weird  another post said it was  1 billion  how come there s only  700 million in drugs  i could have sworn there was  200 million worth well  anyways  great job on the  50 million dollar bust ,d015hr6,offbeat,news,1455574228,MentalAce,3,0,38,406,0
this is the best tl  dr i could make   original   http  wwwstuffconzworldamericas76930348billwouldforcementogetanotefromwivestobuyviagra  reduced by 73    i m a bot       gt  louisville democrat mary lou marzian has introduced a bill that would force men who want to use erectile dysfunction drugs to jump through a series of humiliating hoops beforehand  such as visiting a doctor twice and getting notes from their wives  gt  marzianamp   039  s proposal arrives a week after kentucky governor matt bevin  a republican  signed a bill requiring women to consult a doctor at least 24 hours before an abortion  according to the courierjournal  gt  the amp  quot  informed consentamp  quot  bill  as it was labelled  passed with 92 amp  quot  yesamp  quot  votes on january 28  according to wdrb marzian was one of three members of the kentucky house to vote against the law  the station noted          extended summary     http  npredditcomrautotldrcomments45z23tbill_would_force_men_to_get_a_note_from_wives_to    faq   http  npredditcomrautotldrcomments31b9fmfaq_autotldr_bot  version 16   36652 tl  drs so far     theory   http  npredditcomrautotldrcomments31bfhttheory_autotldr_concept    feedback   http  npredditcommessagecompose  to   23autotldr  pms and comment replies are read by the bot admin  constructive feedback is welcome     top   keywords     marzian     1   bill     2   kentucky     3   government     4   wdrb     5,d015i0y,offbeat,news,1455574239,autotldr,9,0,18,106620,0
my knickers started to twist  but then i realized she means it to mock bevin s abortion bill  gt  marzian admitted her bill was more symbolic than serious and she did not expect it to receive much support ,d015mwf,offbeat,news,1455574447,elizzybeth,10,0,4064,19922,0
you do realize  of course  that a billion dollars of meth equals about 50 tons  do nt you ,d0170y1,offbeat,news,1455576559,TyneyTymey,1,0,3307,5207,0
 mfw   https  youtubenagozohxai  t  11s ,d018fl9,offbeat,news,1455578753,garrettrinpoche,2,0,9232,30210,0
 kanye west explains why he s begging mark zuckerberg to help with  53 million debt   http  wwwusmagazinecomcelebritynewsnewskanyewestexplainswhyhesbeggingmarkzuckerbergtohelpwith53milliondebtw164373 ,d018thr,offbeat,news,1455579370,umoetteumoh01,3,0,28676,628,1
what is with the people s really long nicks ,d018v8y,offbeat,news,1455579448,erisdiscordia,1,0,22,13541,0
well i guess getting mocked by your own lawyer beats going to jail ,d019yyl,offbeat,news,1455581211,IvyGold,5,0,48339,122291,1
these stats are hard unless you first have a rigorous definition of slavery in vonnegutt s novel  i think it was player piano or welcome to the monkey house  there s a term  takuru  that can get translated as slave or taxpayersararyman ,d01a9es,offbeat,news,1455581687,arbivark,1,0,20289,43677,0
heh same thing happened to me when i was 15 i tried growing one plant in my closet my mom found it and my parents called the cops cops took me down to the station and proceeded to mock me for the shitty little plant i grew for awhile  then let me go ,d01bayg,offbeat,news,1455583377,wilfra,24,0,13926,10459,0
 the onion  does nt resort to  this one trick  or  mother from detroit  ads bullshit  you are who you keep company with and major newspaper and network websites collaborate with scum  plus   the onion  is real news you just have to wait six or so years for their ridiculous articles to be true ,d01blxs,offbeat,news,1455583870,nolotusnotes,7,0,787,73694,0
sex work is nt slavery it absolutely  can  be  especially when it s unregulated  and the workers are afraid of seeking help when they need it ,d01f3po,offbeat,news,1455589354,CitizenPremier,0,0,32761,299725,1
this bill guy is a real jerk ,d01fcdk,offbeat,news,1455589739,Gabaloo,14,0,5,3068,0
i keep pointing this out to people  and get called an idiot people do nt want to believe that most of their posesions are the result of slave labour  indentured servitude is a form of slavery i would go further and say debt is a form of slavery in a sense  we are all slaves  only some of us have the luxury of an illusion of freedom ,d01gbor,offbeat,news,1455591281,sfacets,2,0,0,0,
way to be an ass  bill ,d01jc1c,offbeat,news,1455596135,redditaccountant,2,0,1517,2334,0
gt   what if someone stuck knives inside what would happen then   asked an alarmed wenzhoukangningjingshenbingyuan  http  iimgurcomifjwihljpg,d01kw8s,offbeat,news,1455598988,bydyvqbz5uxm,1,0,1,-9,0
if only all busybodies did the same ,d01l565,offbeat,news,1455599484,bydyvqbz5uxm,1,0,1,-9,0
how do you make it to 39 years old and remain that sensitive,d01mhb9,offbeat,news,1455602365,fatticus,3,0,1,5677,0
i just hope his community service can be done by helping the local parks and gardens department  d,d01mkyd,offbeat,news,1455602603,Canuckensquid,3,0,0,0,
the onion has more than news articles  they have other awesome content like movie reviews i saw the funniest thing i ve seen in years on there i hated the second  recent  planet of the apes movie and was excited to hear the onion film critic trash it  but he took it up a notch and was so spiteful of the movie that he never even really talked about the movie i thought that was even more disrespectful than saying bad things  to not even talk about it at all here s the review  http  wwwtheonioncomvideotheonionreviewsdawnoftheplanetoftheapes36436,d01nsm6,offbeat,news,1455605643,twistedcain,3,0,3135,61089,0
how does someone cheat on another with a sex toy ,d01nvzx,offbeat,news,1455605900,KyoskeMikashi,2,0,10010,23066,0
this was nt a serious proposition  but a protest bill not expected to be taken serious ca nt find the source  on phone  but read a topic about this in another sub during the weekend ,d01nyzo,offbeat,news,1455606136,vagijn,3,0,8595,40791,0
this is the best tl  dr i could make   original   http  wwwslatecomblogsfuture_tense20160211amazon_hides_a_zombie_outbreak_reference_in_new_terms_of_servicehtml  reduced by 82    i m a bot       gt  itamp   039  s hard to imagine the kind of person who would read all the way through amazon web servicesamp   039  massive terms of service agreement  gt  at more than 26000 words  the document is denser and more digressive than tristram shandy  a veritable postapocalyptic wasteland of legalese that dictates how users can and can not employ products from the eretaileramp   039  s massively profitable cloud computing division  gt  the restriction in question bars users from integrating amazon web servicesamp   039  new lumberyard gaming engine amp  quot  with lifecritical or safetycritical systemsamp  quot  including medical or military equipment          extended summary     http  npredditcomrautotldrcomments461hvhamazon_hides_a_zombieoutbreak_reference_in_new    faq   http  npredditcomrautotldrcomments31b9fmfaq_autotldr_bot  version 16   36749 tl  drs so far     theory   http  npredditcomrautotldrcomments31bfhttheory_autotldr_concept    feedback   http  npredditcommessagecompose  to   23autotldr  pms and comment replies are read by the bot admin  constructive feedback is welcome     top   keywords     service     1   more     2   amazon     3   zombie     4   restriction     5,d01p425,offbeat,news,1455609633,autotldr,1,0,18,106620,0
so is this article assuming that  all  prostitutes in the entire world are being held captive or treated as slaves  i call bullshit on the statistics if that s the case  as the wording strongly implies and that s actually pretty offensive to the prostitutes  and others  who genuinely  are  slaves  edit  feel free to correct me or the article if you like  or just downvote away as you wish ,d01p6pk,offbeat,news,1455609876,uberduger,1,0,23,39915,0
did i read that title incorrectly  nope  nope i did nt  ,d01pvb1,offbeat,news,1455612301,AtticusFinch1962,1,0,1,17220,0
the ultimate panty raid  eh ,d01qgl7,offbeat,news,1455614581,BrassBass,1,0,1004,40261,0
when i worked at a florida fullservice gas station in 1972  the price of gas was only  036 a gallon i got paid  160 an hour  which was equivalent to  860 today ,d01rhnv,offbeat,news,1455618862,Wallterin4,2,0,9,9,0
the only thing women hate more than the thought of sex with their husbands is the thought of their husbands having sex with themselves ,d01rwh5,offbeat,news,1455620573,ravinglunatic,2,0,12,7755,0
this is the best tl  dr i could make   original   http  mondoweissnet201602astelavivpreparestowelcomebeyonceheresareviewofisraelsatrociousrecordtowardsblackpeople  reduced by 92    i m a bot       gt  in light of her decision to perform in israel  which would put her at odds with malcolm xamp   039  s sharp criticism of israel  i have compiled a review of israeli policy towards people of african descent  gt  trapped behind israelamp   039  s separation walls in occupied east jerusalem  the west bank and the besieged gaza strip  their freedom of movement is subject to israelamp   039  s military occupation and they are unable to enter israel without rarelyissued permits  certainly not to attend beyoncamp  eacute  amp   039  s performances in tel aviv  gt  ethiopian women have complained that their entry to israel was conditional based on taking depoprovera birth control shots or being refused entry to israel          extended summary     http  npredditcomrautotldrcomments4621ijas_tel_aviv_prepares_to_welcome_beyonc  u00e9_heres_a    faq   http  npredditcomrautotldrcomments31b9fmfaq_autotldr_bot  version 16   36774 tl  drs so far     theory   http  npredditcomrautotldrcomments31bfhttheory_autotldr_concept    feedback   http  npredditcommessagecompose  to   23autotldr  pms and comment replies are read by the bot admin  constructive feedback is welcome     top   keywords     israel     1   israeli     2   police     3   refugee     4   ethiopian     5,d01s6lu,offbeat,news,1455621703,autotldr,1,0,18,106620,0
offbeat  more like beat off boom  roasted ,d01shbb,offbeat,news,1455622874,billsmashole,6,0,513,16269,0
i do nt know why  but i image them saying  weeee   as they run from the crime scene ,d01swhi,offbeat,news,1455624391,Wolvenfire86,1,0,40293,68557,0
too bad it was nt  30m fuck this ass hat ,d01teql,offbeat,news,1455626023,Fitbitnitwit,-11,0,14331,451,0
have you seen their drive thru  ha ,d01tfw3,offbeat,news,1455626120,Fitbitnitwit,2,0,14331,451,0
what a fucking loser ,d01tknu,offbeat,news,1455626519,wildebeestsandangels,-8,0,730,37620,0
looks fake ,d01tkub,offbeat,news,1455626534,JesusJones207,31,0,22307,17432,0
i always get downvoted for saying this when something like this gets posted  but theft is theft ,d01tpia,offbeat,news,1455626912,alienblue314159,1,0,71,8229,0
yeah  i m sure they fucking would ,d01tzct,offbeat,news,1455627682,shitterplug,7,0,812,201520,1
he will be fine as long as he sells a few more yeezy tees,d01u33a,offbeat,news,1455627971,Zkln__3,1,0,8,90,0
  all right well  you can walk into a movie theater in amsterdam and buy a beer and i do nt mean just like in no paper cup  i m talking about a glass of beer and in paris  you can buy a beer at mcdonald s  ,d01u3f8,offbeat,news,1455627997,vrta,62,0,2860,3442,0
it s a scam so he can hide the money and not pay taxes ,d01u4ef,offbeat,news,1455628072,toritxtornado,21,0,11451,19948,0
i do nt get it  he was trying to buy ownership of the album  or he was paying 15 mill just for a copy to listen to  i love how he pulls one of those  losers off okcupid  moves where after girl rejects you you call her ugly he basically said nothing good comes from rap only after he failed to buy an album for 15 million lol ,d01ua3d,offbeat,news,1455628502,Darktidemage,3,0,1059,153964,1
i thought the title was an exaggeration nope  it downplays it a bit if anything,d01uaok,offbeat,news,1455628544,Hellman109,1,0,2981,133765,0
he hid the money,d01ukg5,offbeat,news,1455629219,ent4rent,1,0,1084,26924,0
oi gents  they found the decoy  better move the main grow again ,d01uuwy,offbeat,news,1455629911,sysadminbj,2,0,505,5534,0
they re late compared to some other countries they might as well have skipped the beer altogether and gone straight to selling soju with their  happy  meal ,d01uwtl,offbeat,news,1455630036,BrakkeBama,20,0,19,1677,0
i am 40 and i do nt recall a time when mc donalds did not sell beer i do remember a time when mcdonalds was not even a thing in italy  they eventually bought a local chain after failing to compete  and in greece they are very few and the local chains are much bigger ,d01v67y,offbeat,news,1455630643,MK_Ultrex,4,0,1855,35852,0
hah  31k if you polled medical studentslaw students it would be 90  across the board i go to the second cheapest school in the nation and i ll  still  come out with over 200k in debt ,d01v8lx,offbeat,news,1455630790,waynejonbrady,15,0,83,12106,0
not offbeat ,d01vfxz,offbeat,news,1455631237,ObeseSnake,10,0,11,64828,0
anyone willing to spend that much on a stinking music disc wo nt miss it ,d01vjhn,offbeat,news,1455631452,know_1_nose,1,0,1,3324,0
i would nt remove fingers but taking a punch for thousands of dollars is totally reasonable to me ,d01vyp0,offbeat,news,1455632328,cC2Panda,10,0,0,0,
rtitlegore,d01wc8g,offbeat,news,1455633083,polaroidgeek,1,0,37608,55127,0
whys it always got ta turn into a mcdonalds does nt sell beer in the usa article  i m more interested in hearing about their premium burgers ,d01wk5j,offbeat,news,1455633506,Hivac-TLB,4,0,2,3440,0
man  the itunes music store is  expensive  these days ,d01wmoh,offbeat,news,1455633640,Estoye,1,0,0,0,
this story is false stop upvoting it no such transaction exists on the blockchain ,d01wqib,offbeat,news,1455633838,JEdwardFuck,22,0,295,1016,0
seems fair ,d01x7s5,offbeat,news,1455634704,mompos,5,0,70,31198,1
 the creator of bitcoin  is helping him  no one knows who this is and even if we did bitcoin s structure does nt allow for this bs article,d01x8kt,offbeat,news,1455634742,chmpdog,6,0,461,1539,1
while i think  fecal transplants  are a good idea in principle  the trouble is that there are a huge number of variables at work in this  and our understanding of things is still pretty basic  to start with  intestinal flora contains around 3001000 different kinds of bacteria in a healthy person  of which only 3040 kinds dominate  taking almost all the available space and these can be subdivided into two major phyla  the upper intestinal bacteria  which are aerobic and digest the food we eat efficiently  and the lower  colon bacteria  which are anaerobic  and much less efficient the latter are still very good to have in the colon  but anywhere else in the body and they are pathogens  in addition  the most common microorganisms in our flora are viruses  of a vast but undetermined number  most of which are bacteriophage  which means they eat bacteria but there are also fungi and yeasts  protozoa  parasites  and archaea  that look like bacteria but are nt  and all of them are interactive with each other and our immune system  so  with fecal transplants  we are at the level of   it  the floral mix  works for somebody else  so if we transplant it  maybe it will work for you ,d01xgtq,offbeat,news,1455635149,WendyLRogers3,2,0,428,85670,0
we have a dysfunctional attitude towards alcohol here in canadaus ,d01xln1,offbeat,news,1455635383,dutchboy99,32,0,0,0,
i ll take a mceast coast ipa,d01xpai,offbeat,news,1455635559,TruckNutz69,1,0,17,7310,0
gt  while there are no mcdonald  s restaurants that currently serve alcohol in the us  many have argued that adding craft beer to the menu from local brews would score some serious points with customers  people go to mcdonalds for fast cheap food  not craft beer ,d01xzhv,offbeat,news,1455636039,youstolemyname,16,0,708,37423,1
i got beer in kuala lumpur mcds in 1988 afs exchange alumni represent ,d01y0jo,offbeat,news,1455636086,justjoeisfine,2,0,1271,3902,0
they do in bulgaria big mac and a heineken tidy ,d01y133,offbeat,news,1455636110,fattylewis,1,0,1328,2516,0
i m a pianist i have nt decided if i d lose a pinky to settle my student loans  still thinking  it s a tough decision ,d01y3wc,offbeat,news,1455636238,chrom_ed,7,0,216,73808,0
spain checking in they have beer at mcdonald s here and i ve seen people get a glass  well a plastic cup actually  rendering this post not offbeat  ,d01y6k4,offbeat,news,1455636358,Mayafoe,1,0,0,0,
what a boreass ,d01z3w4,offbeat,news,1455637840,mompos,5,0,70,31198,1
yeezy just needs to stop ,d01z4ue,offbeat,news,1455637878,chrispdx,5,0,17621,84141,0
yeezy be seeking too much attention ,d01zatd,offbeat,news,1455638135,umoetteumoh01,5,0,28676,628,1
he s a troll and you re a retard,d01zx78,offbeat,news,1455639074,voltism,2,0,154,14160,0
this is going to make those mcdonald s world star videos so much better ,d02057l,offbeat,news,1455639401,i_reddited_it,2,0,0,0,
if he is such a self proclaimed genius how is he that fucking stupid ,d0205ta,offbeat,news,1455639427,popesnutsack,18,0,1,48090,0
german burger kings have been doing this for a while ,d020c9c,offbeat,news,1455639690,qdp,2,0,4030,10624,0
i support this ,d021afg,offbeat,news,1455641052,digger_ex_pat,1,0,17640,43991,0
who banks with them ,d022elg,offbeat,news,1455642634,shakyjoe,2,0,1442,82,0
this is the best tl  dr i could make   original   http  wwwcsmonitorcomscience20160215valentinesdayoctopusmatingsessioncanceledoutofcannibalismconcerns  reduced by 74    i m a bot       gt  the aquarium has held an octopus week in midfebruary for the last decade  the highlight typically being a amp  quot  blind dateamp  quot  featuring two cephalopods that have reached peak age and size for mating  samantha larson reported for crosscut  gt  the aquariumamp   039  s octopus week will still feature octopus education through feb 21  although it kicked off with an alternate event  in which kong swam with a human diver  gt  amp  quot  thereamp   039  s always the threat of cannibalismamp  quot  richard ross of the california academy of scienceamp   039  s steinhart aquarium told the bbc regardless of whether the octopus had turned cannibal  had the event been held it would have likely been the last valentineamp   039  s day for both animals          extended summary     http  npredditcomrautotldrcomments463gzyvalentines_day_octopus_mating_session_canceled    faq   http  npredditcomrautotldrcomments31b9fmfaq_autotldr_bot  version 16   36882 tl  drs so far     theory   http  npredditcomrautotldrcomments31bfhttheory_autotldr_concept    feedback   http  npredditcommessagecompose  to   23autotldr  pms and comment replies are read by the bot admin  constructive feedback is welcome     top   keywords     aquarium     1   octopus     2   female     3   mate     4   octopuses     5,d022suy,offbeat,news,1455643188,autotldr,1,0,18,106620,0
please stop it s a lie this guy is just trolling you he just wants your attention stop giving it to him ,d023lh3,offbeat,news,1455644277,happyscrappy,0,0,629,154652,0
any luck with that billion from zuckerberg yet kenya ,d023mxb,offbeat,news,1455644334,cd411,5,0,2654,96776,1
i d just like to be able to refund my degree ,d023zcw,offbeat,news,1455644807,Khanstant,4,0,4790,79120,0
since when is people getting arrested for breaking the law offbeat ,d024aca,offbeat,news,1455645224,Sariel007,2,0,704422,150166,1
was there for 9 months  and got home a week ago of course ,d024aha,offbeat,news,1455645230,Shoxilla,2,0,1819,2019,0
i would do both  no lie ,d024j04,offbeat,news,1455645549,igotBBB,4,0,0,0,
that will defantly help with his debt problem ,d024ks2,offbeat,news,1455645618,t3xasgodfath3r,0,0,0,0,
i would like to super size that please,d024wso,offbeat,news,1455646075,gregny2002,2,0,1761,48170,0
ummmme ,d025623,offbeat,news,1455646425,ThunderSnowStorm,1,0,434,1602,0
answering the age old question of   which beer goes best with a big mac ,d026l6y,offbeat,news,1455648344,Likonium,3,0,7987,18345,0
i bet he gave it a wee glasgae kiss  too ,d026wls,offbeat,news,1455648771,JackRawlinson,1,0,6,30448,0
something about the phrase  intestinal flora  just seems wrong ,d027kv5,offbeat,news,1455649681,PatchClark,2,0,243,471,0
mcdonalds in north korea to start selling food,d027q03,offbeat,news,1455649876,portablebiscuit,1,0,0,0,
why do i keep seeing things from fox news on here  are nt they a source most of reddit agrees we should boycott ,d027q6b,offbeat,news,1455649882,KillPenguin,1,0,2,3553,0
well  by saying outlandish stuff that generates tons of publicity  perhaps he is not actually serious about it  but knows that it will boost album sales and his brand  donald trump does the same thing ,d027ue8,offbeat,news,1455650040,Doctor_Sportello,13,0,798,4381,0
sorry  britney i m already taken ,d028ca3,offbeat,news,1455650711,sifumokung,1,0,6452,54972,0
this guy could nt pay  1500 in 29 years ,d028lh1,offbeat,news,1455651053,ellieD,7,0,197,7321,0
just go to silicon valley brit ,d028ll8,offbeat,news,1455651057,dumbassdailynews,2,0,263,114,0
who cares,d028o2b,offbeat,news,1455651150,dumbassdailynews,0,0,263,114,0
it was bound to happen sooner or later ,d028pvd,offbeat,news,1455651215,Ancarnia,0,0,59,4822,0
that s actually a pretty good idea i think i may try it out ,d028vzo,offbeat,news,1455651443,dumbassdailynews,2,0,263,114,0
who cares  mcdonalds food is still terrible for you ,d02996s,offbeat,news,1455651931,phrozen_one,0,0,53,4631,0
in southern california  orange county  specifically they are busting people for this on an almost weekly basis nothing new out here ,d029g26,offbeat,news,1455652186,dumbassdailynews,2,0,263,114,0
taco bell has done this for years,d02a6fw,offbeat,news,1455653162,BellyboneR,1,0,4543,1197,0
this guy is a moron ,d02be9l,offbeat,news,1455654764,kingfirley,2,0,1837,9978,0
so ,d02bsne,offbeat,news,1455655283,baldchow,1,0,115,3983,0
everybody is jumping to the punch to get rid of their loans  but without more info i might have to go with the pinkie i mean  a hard punch to the head could cause me neurological damage a pinkie is just a pinkie ,d02c03d,offbeat,news,1455655550,falconear,3,0,0,0,
i wish his music were as interesting as his press   also  how is  some famous person says something inflammatory  offbeat  ,d02cvh6,offbeat,news,1455656725,TomSwirly,4,0,0,0,
i d give both my legs to get rid of my 120 thousand in student loans with no degree to show for it someone rich need some legs  word is that debt collectors ca nt follow you into the afterlife  oh how tempting that fact has been ,d02cx80,offbeat,news,1455656788,robert812003,2,0,0,0,
seems like he s just shuffling his funds around under a crappy cover story ,d02dryx,offbeat,news,1455657930,DamnNice,1,0,1,0,0
cause of death is probably sword,d02dt9d,offbeat,news,1455657979,tkang,2,0,146,1942,0
  racism  ,d02du5d,offbeat,news,1455658010,darthgarlic,3,0,0,0,
my god  the only way to beat best korea ,d02euvb,offbeat,news,1455659354,cp5184,1,0,999,69136,0
you can often buy beer at the movie theaters in korea  which is awesome ,d02fsj3,offbeat,news,1455660629,Mughi,1,0,5439,32287,0
this is the best tl  dr i could make   original   http  wwwbbccomculturestory20160215thecircumflexabattleoveranaccentmark  reduced by 93    i m a bot       gt  the french are notoriously touchy  or sentimental  about their language but on realising that the circumflex accent was at risk of disappearing from 2000 french words  they reacted with anger  gt  used by the state as a unifying tool  the french language was instrumental in the birth of the modern french nation  gt  french dictionaries already carry both old and new spellings  and teachers have been advised to accept both old and new spelling as correct          extended summary     http  npredditcomrautotldrcomments464wk3the_circumflex_a_battle_over_an_accent_mark_in    faq   http  npredditcomrautotldrcomments31b9fmfaq_autotldr_bot  version 16   36981 tl  drs so far     theory   http  npredditcomrautotldrcomments31bfhttheory_autotldr_concept    feedback   http  npredditcommessagecompose  to   23autotldr  pms and comment replies are read by the bot admin  constructive feedback is welcome     top   keywords     french     1   language     2   spelling     3   reform     4   word     5,d02fsva,offbeat,news,1455660641,autotldr,1,0,18,106620,0
1 more way to puke at mcdonald s haha ,d02g3ip,offbeat,news,1455661055,OneManWar,1,0,0,0,
why do nt ambulance chaser type law firms would go after fraud and false advertising aggressively  seems like it would be big business ,d02gxs9,offbeat,news,1455662243,JimJalinsky,8,0,17,2809,0
this guy trying hard to set blacks back one hundred years,d02h80o,offbeat,news,1455662654,pendejadas,0,0,735,1632,0
at least 15  was the skin shaved off by ped eggs ,d02iewo,offbeat,news,1455664410,RoboNinjaPirate,3,0,6375,223645,1
i have half what she needs  nerd with penis ,d02iitp,offbeat,news,1455664579,throwaway_9999,6,0,6,12425,0
he rose up so far  from the  greatgrandson of exslaves  to being  53 million in debt  hallelujah  if zuckerberg passes on that amazing offer to donate  1b to the  greatest artist of all time   then kayne will have to hold out for that reparations check to stave of bankruptcy ,d02iygj,offbeat,news,1455665255,jsu152,2,0,0,0,
 high end burgers   mcdonalds mfw,d02j8jf,offbeat,news,1455665686,communedweller,1,0,133,2835,1
but only white critics like his output  especially now ,d02jefl,offbeat,news,1455665939,HorseSteroids,3,0,2188,51514,0
what about some toes  i d part with some toes for  40k ,d02jeoj,offbeat,news,1455665949,Wriiight,1,0,1939,11833,0
fake,d02jqb6,offbeat,news,1455666487,gandhikahn,1,0,1013,25609,0
no  they re getting picked up for refusing to go to court they almost certainly ignored a summons ,d02k1z9,offbeat,news,1455667047,IvyGold,4,0,48339,122291,1
why would the mods put this up ,d02l0w3,offbeat,news,1455668561,cd411,0,0,2654,96776,1
fucking local man  at it again ,d02lfqq,offbeat,news,1455669185,wandererchronicles,2,0,1,404,0
i mean sure  i d take a punch or lose a pinkie  but if either of those send me to the hospital  i ll be out an arm and a leg too ,d02lxc5,offbeat,news,1455669910,BadDecisionDino,3,0,917,55593,0
i m surprised it s beer  not soju ,d02m0e8,offbeat,news,1455670038,phaederus,1,0,4993,15755,0
god bless him he s an idiot he can not even properly hype himself he comes across as an egotistical mental midget or his  boning a kardashian  has made him crazy no good comes from carnal knowledge with a kardashian ,d02mfrp,offbeat,news,1455670703,Wookiegroomer,2,0,1,9913,0
do yourself a favor and buy a block of parmesan  and then grate it right before you eat it it s so much more flavorful ,d02mo89,offbeat,news,1455671080,fotografamerika,4,0,3949,14631,0
i know i m being a prescriptivist but i dislike how  expletive  is used to refer to swear words that were omitted  since the term  expletive  otherwise means an exclamation that does nt mean anything in terms of the sentence in those sentences  the swear words were meaningful ,d02oqx9,offbeat,news,1455674222,CitizenPremier,1,0,32761,299725,1
he s being a bit racist why does he want to resegregate the music industry  it s not perfect but it s better than the prealan freed days ,d02p86e,offbeat,news,1455674953,fuadthecat,2,0,0,0,
this is the best tl  dr i could make   original   http  wwwrawstorycom201602lonelytrioofantibeyonceprotestersshockedthatthousandsdidntshowup  reduced by 77    i m a bot       gt  for the first hour  not a single antibeyoncamp  eacute  protester turned up to the antibeyoncamp  eacute  protest outside the national football league headquarters in new york  gt  sparked by an eventbrite event  which  as the daily beast noted  doesnamp   039  t appear to have been started by an actual protest group but just by a single person  police cordoned off some of park avenue in anticipation of people protesting against beyoncamp  eacute  amp   039  s super bowl halftime performance of her black pride song formation  which featured dancers dressed as black panther activists  gt  amp  quot  itamp   039  s sickening  itamp   039  s making people hate each other she could have talked about anything else rather than trying to make people mad and look what it caused these people should be at work  i should be at school right now we should be doing other things than thisamp  quot  bedunah said          extended summary     http  npredditcomrautotldrcomments4660bnlonely_trio_of_antibeyonc  u00e9_protesters_shocked    faq   http  npredditcomrautotldrcomments31b9fmfaq_autotldr_bot  version 16   37028 tl  drs so far     theory   http  npredditcomrautotldrcomments31bfhttheory_autotldr_concept    feedback   http  npredditcommessagecompose  to   23autotldr  pms and comment replies are read by the bot admin  constructive feedback is welcome     top   keywords     protest     1   black     2   people     3   antibeyonc     4   kohane     5,d02pry8,offbeat,news,1455675802,autotldr,1,0,18,106620,0
anybody got a sawdust parmesan recipe think of the money to be saved ,d02qvaf,offbeat,news,1455677498,godzillabobber,2,0,179,4229,0
this made me think of the show billions  where the main character made a guy pick up his dog s poop with his bare hands because he did nt care enough to bring bags ,d02qz7f,offbeat,news,1455677674,maybebaked,1,0,76,16821,0
just another reason why i do nt believe in anything olive oil is a similar scam genuine leather does nt mean real  leather ,d02rj5g,offbeat,news,1455678570,Digitalabia,2,0,215,13872,0
gt  some grated parmesan suppliers have been mislabeling products by filling them with too much cellulose  a common anticlumping agent made from wood pulp  or using cheaper cheddar  instead of real romano  ummmm parmesan and romano are two different cheeses ,d02rs16,offbeat,news,1455678974,Nimbokwezer,2,0,637,22599,0
i m pretty sure the lenders do nt want pinkies or bruised knuckles i think they ll hold out ,d02sofq,offbeat,news,1455680468,supersauce,1,0,29,49614,0
gt   i love love love white people,d02sqv7,offbeat,news,1455680581,wilfra,1,0,13926,10459,0
never liked pinkies anyway the only reason i have nt already cut the little bastards off was because i thought that someday  somebody might buy em guess that day s coming soon ,d02svzs,offbeat,news,1455680816,Clockshade,1,0,25,5943,0
ok ,d02t5z2,offbeat,news,1455681282,jellyfungus,1,0,5,7141,0
racist fuck  hey whitey  buy my music but fuck you ,d02tn0v,offbeat,news,1455682113,TyneyTymey,1,0,3307,5207,0
is she trying to get her ged ,d02ug4q,offbeat,news,1455683541,TyneyTymey,1,0,3307,5207,0
ca nt they just taste it and tell ,d02ulsy,offbeat,news,1455683827,TyneyTymey,1,0,3307,5207,0
