0,1,2,3,4,5,6,7,8,9,10
so i beat him up and took his dinner money off him ,4.64E+98,jokes,humor,1455654334,lekepeo,33,0,4703,0,0
a man goes to join an order of monks  the head monk says to the man  this is a silent order you will only be allowed to speak once  every 15 years  the man says  ok  and so begins his time with the silent order  15 years pass and the man is sitting in the refectory when the head monk approaches and says to the man  it has been fifteen years what would you like to say brother    the man responds   the porridge could do with a little more sugar  the head monk nods in acknowledgement and walks away  another 15 years pass and the head monk finds the man in the dormitory and says  brother  it has been another 15 years what is it that you wish to say     the bed sheets are a bit thin  replies the man again the head monk nods in acknowledgement  yet another 15 years pass and the head monk sees the man and asks  15 years have passed have you anything to say     well actually i ve been thinking about it and i m leaving the order it s not really for me  says the man   yes  yes  sighs the head monk  i think that s for the best you ve done nothing but fucking complain since you got here ,45ww9i,jokes,humor,1455549339,Flyberius,5000,0,3226,38241,0
two factory workers are talking the woman says   i can make the boss give me the day off  the man replies   and how would you do that   the woman says   just wait and see  she then hangs upsidedown from the ceiling  the boss comes in and says   what are you doing   the woman replies   i m a light bulb  the boss then says   you ve been working so much that you ve gone crazy i think you need to take the day off  the man starts to follow her and the boss says   where are you going   the man says   i m going home  too i ca nt work in the dark ,45xvxk,jokes,humor,1455560988,AhmerIzhar,760,0,,,0
but if i had to name 5 of the fattest people i know  she d be three of them ,45yixd,jokes,humor,1455568058,spydeewhydee,403,0,1,40,0
she said no both times ,45zd83,jokes,humor,1455577341,TheRealCalypso,245,0,39798,58405,0
so as an adult  i had to step in  they did nt stand a chance ,4603la,jokes,humor,1455587149,Lancewastaken,403,0,6817,2911,1
we re watching the grammys as a family when the sam hunt and carrie underwood performance came up we watched it in silence and then talked about the performance once it finished my mother thought sam hunt looked similar to someone and thus the joke begins  mom   hmm that guy looks like someone else does he have any family   dad   gives a thoughtful look before replying   yeah he looks really familiar oh  his brother is mike   mom   mike hunt     my dad breaks out into the biggest grin on record and we both start laughing our asses off  mom   oh   dammit   ,460bwc,jokes,humor,1455590337,TheQuestionableYarn,528,0,52,6803,0
took me ages to get her husband s voice right ,460hms,jokes,humor,1455592630,Lrat,4187,0,1,619,0
what s 18 inches long and hangs in front of an asshole  trump s tie,460rky,jokes,humor,1455596668,Crickeett,150,0,1,96,0
i thought it was mean ,460usx,jokes,humor,1455598030,scaldinghotcarl,319,0,1,106,0
isaac newton died a virgin ,46187n,jokes,humor,1455604110,crashdemon,221,0,13084,9718,0
aye matey ,461pux,jokes,humor,1455614838,LeverShan,68,0,302,327,0
at first he could nt succeed eventually he pull it off ,461vp3,jokes,humor,1455618223,bahbuhbah,62,0,1,174,0
guess i should ve put it on aloha temperature ,461vzk,jokes,humor,1455618407,Akshatfcb,357,0,3559,509,0
grandma and grandpa are sitting at church on easter sunday  and grandma leans over and whispers   i just let out a silent fart  what should i do   grandpa leans back and replies   you should get new batteries for your hearing aids  ,461yc5,jokes,humor,1455619749,80sDweeb,22,0,1,2,0
the difference between using chemicals to remove polish  and using chemicals to remove polish ,461yo4,jokes,humor,1455619946,ConsiderablyMediocre,125,0,48632,34226,0
you hear a gunshot and a second after you see 8 black guys running away ,4620zr,jokes,humor,1455621378,Daan93,56,0,6,1972,0
i ll be home in 20 minutes,4627oo,jokes,humor,1455625533,Sushi_love,513,0,429,4337,0
bruce the shark is now called caitlyn ,462a90,jokes,humor,1455626894,laman8096,27,0,6467,3035,1
do nt worry ladies  i also donated  780 to hilary ,462amt,jokes,humor,1455627090,dubbsmqt,3881,0,112,15005,0
he got off ,462dz5,jokes,humor,1455628648,h77IM,87,0,2047,22781,0
join the crusades and have been caught in the bazaars of constantinople by the saracen army dodging in between the shops they spy an alleyway and dash down it seeing its a dead end they look for a place to hide they notice three large wicker baskets they all jump in one and with baited breath wait for the soldiers to walk by  the commander of the saracen patrol isnt stupid and checks the alleyway spotting the three baskets and with his scimitar pokes the first basket the englishman  expecting this says  woof  woof   the saracen  content walks up and pokes the next basket   meow  meow   says the scotsman the commander moves onto the third basket  paddys basket  gives it a poke  potato s ,462hca,jokes,humor,1455630125,shotgun883,29,0,318,469,0
a physicist tells him  do nt jump  you have so much potential  ,462m6l,jokes,humor,1455632216,luivzilla,15,0,15838,5750,0
so there was this man in bulgaria who drove a train for a living he loved his job  driving a train had been his dream ever since he was a child he loved to make the train go as fast as possible  unfortunately  one day he was a little too reckless and caused a crash he made it out  but a single person died well  needless to say  he went to court over this incident he was found guilty  and was sentenced to death by electrocution  when the day of the execution came  he requested a single banana as his last meal after eating the banana  he was strapped into the electric chair the switch was flown  sparks flew and smoke filled the air but nothing happened the man was perfectly fine  well  at the time  there was an old bulgarian law that said a failed execution was a sign of divine intervention  so the man was allowed to go free and somehow  he managed to get his old job back driving the train having not learned his lesson at all  he went right back to driving the train with reckless abandon once again  he caused a train to crash  this time killing two people the trial went much the same as the first  resulting in a sentence of execution for his final meal  the man requested two bananas after eating the bananas  he was strapped into the electric chair the switch was thrown  sparks flew  smoke filled the room and the man was once again unharmed  well  this of course meant that he was free to go and once again  he somehow manages to get his old job back to what should have been the surprise of no one  he crashed yet another train and killed three people and so he once again found himself being sentenced to death on the day of his execution  he requested his final meal three bananas   you know what  no   said the executioner  i ve had it with you and your stupid bananas and walking out of here unharmed i m not giving you a thing to eat  we re strapping you in and doing this now  well  it was against protocol  but the man was strapped in to the electric chair without a last meal the switch was pulled  sparks flew  smoke filled the room and the man was still unharmed the executioner was speechless  the man looked at the executioner and said  oh  the bananas had nothing to do with it i m just a bad conductor   i stole this from a friend sorry mate ,462sr9,jokes,humor,1455635015,quincebolis,638,0,6013,24981,0
because it s a gas planet,462ywn,jokes,humor,1455637266,LavaMeteor,20,0,41322,9983,0
to render the buildings on the other side,462zzt,jokes,humor,1455637648,smarterthansheldon,220,0,1908,386,0
it s a trap ,4632hm,jokes,humor,1455638515,Baltrian,30,0,1,31,0
 removed ,46335o,jokes,humor,1455638749,FeelingTheBernie,11,0,663,391,0
beef stroganoff ,4636gz,jokes,humor,1455639857,Cal_Rogdon,19,0,1072,100,0
a man enters a bar and the bartender comes over and asks  can i help you sir    the man answers  what does a cup of coffee cost in this place    the bartender says  that would be  260    alright  i ll have one  says the client and he takes 26 dimes out of his wallet and he throws them on the ground  the bartender does nt want to get involved in a fight so he just picks up the money and he brings the man his coffee  a week later  the same man enters the bar he orders a coffee again but this time he pays with a five dollar bill  the bartender smelled an opportunity for revenge and when he brings the coffee  he throws 48 nickels on the ground as change the client throws 2 extra dimes on the floor and orders a second coffee  edit  grammar teehee ,4637jo,jokes,humor,1455640181,Vliolix,1629,0,295,201,0
to everyone s surprise  the presentation was very interesting for once many felt like this was a valuable use of time  as the presenter finished up  he said   i hope you have found use in my presentation today  but i would warn you  be careful about using these techniques at home the other night i was watching as my wife did the dinner dishes  and noticed some inefficiency in her technique wanting to be helpful  i advised her of several small improvements that could add up to maximum efficiency  one of the attendees raised their hand   did it work  did the dishwashing become more efficient    oh yes   the consultant replied   before my advice  my wife took 18 minutes to finish the dishes  now i do it in 12 ,4639s3,jokes,humor,1455640890,JohnRonaldReuelT,68,0,1,386,0
ice cubes ,463h5m,jokes,humor,1455643236,crewnots,10,0,78,9865,0
mitosis,463mll,jokes,humor,1455644988,greenleafz19,48,0,1,5,0
a guy asks a girl to a dance she says yes  so he immediately starts preparing he goes to the car rental  stands in line to rent a limo he goes to the tailor  stands in line to rent a tux then he goes to the florist  and stands in line to get his date a corsage  the big night finally comes  so he goes to pick up his date  wearing his rented tux  in his rented limo  with her fancy corsage they drive to the dance  stand in line to get in  then finally  they re inside she says she s thirsty  so he goes to get her some punch there is no punchline ,463mpd,jokes,humor,1455645022,5ives,8,0,26208,5725,0
thunderwear ,463n31,jokes,humor,1455645147,porcupinetri,8,0,1,271,0
he is following his grandfather around his grandfather gets on a big tractor to mow the lawn  fascinated  johnny says   wow  can i try to drive it   his granddad replies   can the tip of your penis touch your asshole   johnny  shocked  says  no   then you re not old enough  in taking a break from mowing  he pulls out a cigar and starts to smoke   wow  can i have a puff    can the tip of your penis touch your asshole    no   then you re not old enough  the old man finishes mowing and goes inside and cracks open a beer   wow  can i have a sip   can the tip of your penis touch your asshole    no   then you re not old enough  later in the evening  johnny is sitting in front of the tv eating cookies his grandmother made him his grandpa comes into the room and says  wow  can i have a cookie   johnny stares at him blankly and says   can the tip of your penis touch your asshole   his grandfather smugly says  why as a matterof fact  it can  johnny looks up from the tv and says   then go fuck yourself  these are my cookies  ,463nqd,jokes,humor,1455645367,Plz_Dont_Gild_Me,83,0,173,124643,1
row v wade,463oxh,jokes,humor,1455645776,PotatoMusicBinge,7,0,17059,113711,0
saint peter   you were indeed a good man come  i will walk you to heaven  they started walking through a long hall on the walls  there were lots and lots of watches curious  the man asks  john   what s the deal with all these watches   saint peter   you see  these are called lying watches everytime someone says a lie  the arms move look at this one for example it belonged to mother teresa its arms never moved  not even once we also have lying watches for every profession of mankind here are the lawyers   engineers   farmers  john   what about this empty spot   saint peter   oh  here it used to be the politicians  watch  john   what happened to it   saint peter   jesus uses it as a fan in his office ,463tsh,jokes,humor,1455647469,NiiSomn,40,0,366,66,0
get to know them instead  and you ll find there are  literally hundreds  of other  perfectly valid reasons to hate them ,463ux9,jokes,humor,1455647846,coupland,106,0,21385,12973,0
my girlfriend told me i was one in a million when i looked through her text messages  i had to admit she was right ,463vfk,jokes,humor,1455648017,jackdreamer1993,258,0,2,0,0
a naked women robs a bank nobody could remember her face ,463x9j,jokes,humor,1455648617,jackdreamer1993,104,0,2,0,0
to draw blood ,463yvh,jokes,humor,1455649133,spydeewhydee,30,0,1,40,0
urine trouble ,463z2y,jokes,humor,1455649199,bananchoklad,12,0,1,-4,0
a woman in a bikini reveals about 90  of her body and yet most men are so polite they only look at the covered parts ,46413p,jokes,humor,1455649885,jackdreamer1993,42,0,2,0,0
a pastor goes to the dentist for a set of false teeth the first sunday after he gets his new teeth  he talks for only eight minutes the second sunday  he talks for only ten minutes the following sunday  he talks for 2 hours and 48 minutes  the congregation had to mob him to get him down from the pulpit and they asked him what happened  the pastor explains the first sunday his gums hurt so bad he could nt talk for more than 8 minutes the second sunday his gums hurt too much to talk for more than 10 minutes but  the third sunday  he put his wife s  teeth in by mistake and he could nt shut up ,4641i4,jokes,humor,1455650020,dsquard,34,0,23828,26777,0
 it  s a huge event why aren  t you excited    because i  m not a football fan my parents love basketball  so i do too   says the student   well  that  s a lousy reason   says the teacher  what if your parents were morons  what would you be then    then i  d be a football fan ,46447l,jokes,humor,1455650930,JeffHardy12132,30,0,1,-6,0
21st floor person goes  ahhhhhhhhhh  thump  1st floor goes   thump  ahhhhhhhhhh,4647zd,jokes,humor,1455652187,TaurusFecalMatter,134,0,1,571,0
the penguin asks   how long will it be   the mechanic says   just a few minutes  so the penguin decides to go get an ice cream at the grocery store across the street when the penguin gets there  he climbs inside the big freezer door and starts to eat ice cream  three hours go by before the penguin looks at his watch and jumps out of the freezer and races back to the mechanic  with ice cream all over his face and his stomach  he asks   so how s my car   the mechanic comes walking out wiping his hands on a rag and says   looks like you blew a seal  the penguin says   no  i was just eating ice cream ,46488j,jokes,humor,1455652265,BoydSchidt,18,0,1355,187,0
a heroine addict ,4649no,jokes,humor,1455652749,PeaceHoesAnCamelToes,37,0,5,1143,0
you re doing it too fast ,464cpc,jokes,humor,1455653798,spydeewhydee,15,0,1,40,0
 deleted ,464dze,jokes,humor,1455654239,icecoldmind,4,0,6,158,0
 breasts would be pointless ,464fic,jokes,humor,1455654777,spydeewhydee,8,0,1,40,0
holly holm declined the rematch though ,464fmw,jokes,humor,1455654826,dependentrightshark,73,0,1,2780,0
 i m feeling funny ,464fpj,jokes,humor,1455654848,Breakfast4,8,0,93,2985,0
then it dawned on me,464j6r,jokes,humor,1455656021,spydeewhydee,23,0,1,40,0
it s been cold and dark and  well  dank  down in their molehill baby mole is too young to remember the warm days of spring  one fine morning in march a breeze from above wafts through the burrow  do you smell that   cries mr mole as he scurries up the narrow tunnel to the entrance to the burrow   i do   replies mrs mole  and follows him so quickly that she and mr mole become wedged at the opening to their home  baby mole followsbut there is no room for him to poke his head out of the hole   oh  just smell that  it s finally spring   calls daddy   oh  yes  there is nothing that smells this sweet   replies mama  can you smell it baby     no  replies baby mole  all i can smell is molasses ,464kdh,jokes,humor,1455656441,oogieboogie1996,10,0,12176,9766,0
but when i drink fanta no one says i  m fantastic ,464o0l,jokes,humor,1455657709,OlliOlliOxenFree,38,0,533,545,0
an incontinental breakfast,464pwr,jokes,humor,1455658379,LightningLemur,5,0,2357,75,0
about some books about pavlov s dogs and schroedinger s cat she said it rings a bell  but does nt know if it s here or not ,464tkk,jokes,humor,1455659628,icantfind_a_username,22,0,5042,2155,0
a man knocks on the door of a supposed to be exclusive  brothel  through a small window in the doorthe madam says   what can i do for yousir    i d like to get screwed   he answered   this is an exclusive club   she explains  to joinyou must slip a thousand dollars under the door  the man does sobut the door does nt open  so he knocks again and the madam reappears the man says   hey  i d like to get screwed  the madam   again  ,464wiw,jokes,humor,1455660626,xKar10,44,0,1,0,0
a woman said to her mother   all the pervert wants is anal sex my rectum is now the size of a 50cent piece  it used to be about the size of a dime   her mother replied   you re married to a multimillionaire businessman  you live in an 8 bedroom mansion  you drive a ferrari  you get  2000 a week allowance  you take 6 vacations a year and you want to throw all that away over some asshole worth 40 fucking cents  ,464wqc,jokes,humor,1455660701,Cruzinspeed,12,0,4114,5433,0
at least he ll never have to get it reengraved,464wwv,jokes,humor,1455660759,Houston_002,16,0,4385,2665,0
morbidly obeef,464z2k,jokes,humor,1455661511,mrfunnyguy345,16,0,1,6,0
an old irish world war ii spitfire pilot and flying ace  was speaking in a church and reminiscing about his war experiences  in 1942   he says   the situation was really tough the germans had a very strong air force i remember   he continues   one day i was protecting the bombers and suddenly  out of the clouds  these fokkers appeared  there are a few gasps from the parishioners  and several of the children began to giggle  i looked up  and realized that two of the fokkers were directly above me i aimed at the first one and shot him down by then  though  the other fokker was right on my tail  at this point  several of the elderly ladies of the church were blushing with embarrassment  the girls were all giggling and the boys laughing loudly the pastor finally stands up and says   i think i should point out that fokker  was the name of a germandutch aircraft company  who made many of the planes used by the germans during the war   yes  that s true   says the old pilot   but these fokkers were flying messerschmitts ,4651qu,jokes,humor,1455662430,wadie31,4,0,1027,40,0
the rearview mirrors,4654w1,jokes,humor,1455663551,leviathannTV,5,0,1,12,0
she kept spelling  run   it was weird  i had to get out of there ,4655ku,jokes,humor,1455663776,ZeJaye,7,0,535,0,0
please do nt upvote  her strapon is huge ,4655oe,jokes,humor,1455663816,icallmydadstranger,84,0,21922,426,0
you get an unpleasant vowel movement ,46572t,jokes,humor,1455664319,toddch,10,0,134,80,0
i mean  what s 53 small loans after all ,465gjy,jokes,humor,1455668046,AdreesInator,2,0,1,513,0
because it s always black and white ,465j8u,jokes,humor,1455669191,ThePersonYouHate,2,0,2,544,0
oh great  some arsehole s got my pen,465ldl,jokes,humor,1455670033,Stimlife,19,0,9,875,0
a redneck at his family reunion,465n4m,jokes,humor,1455670718,naclbetter,39,0,1,30,0
the question was   what is commonly found in cells   apparently   african americans  was nt the correct answer ,465rr2,jokes,humor,1455672545,alcatraz94,10,0,1,75,0
 i ll be bach ,465ss8,jokes,humor,1455672924,Jozoguy29,2,0,1,4177,0
a redneck virgin ,465tqa,jokes,humor,1455673298,NappeExo,5,0,3,195,0
lincoln  he was in a cent,465wni,jokes,humor,1455674424,IsThisNameGood,7,0,248,2010,0
a man is driving down the highway going 90 mph when he is pulled over by a cop the cop walks up to the car and talks to the man  cop  do you know i clocked you going 90 mph  i m going to have to give you a ticket  man  please officer  i m on my way to the city my son is in the hospital and i need to be with him  cop  i m sorry but i need to give you a ticket  man  sir  i ve never had a ticket in over 40 years of driving can you please let me go  cop  how about this  i ask you a question if you get it right you get no ticket  but if you re wrong you get a ticket fair  man  sounds fair  cop  you re driving down the highway at night  and in the other lane you see 2 square lights coming toward you what is it  man  well its a car  cop  that s not specific enough  it could be a honda  a chevy or a ford  man  well that s just not fair  cop  well how about this one  you re driving down the highway and you see a singular light coming toward you what is it  man  well its obviously a motorcycle  cop  that s not specific enough  it could be a harley davidson  could be a honda  or a kawasaki man  sir these questions just are nt fair  cop  oh well  looks like you re getting a ticket  man  how about this  i ask you a question if you get it right you give me a ticket  if you re wrong i do nt get a ticket fair  cop  go ahead  man  you re driving down the street when all of a sudden you see this woman dressed very scantily  with her cleavage showing  a lot of make up  a little purse and every man that walks by her she hits on what is that  cop  well its obviously a whore  man  well that s not specific enough  it could be your wife  your mother  your daughter or your sister ,46605l,jokes,humor,1455675733,ajm0031,17,0,9843,164,0
they are captured by some by some cannibals the chief tells them in order not to be eaten  they must go search and collect 10 of the same fruit from somewhere on the island and bring it back to him they split up and go searching for fruits  guy number one comes back carrying ten apples the chief tells him in order to live  he must put all 10 of the apples up his butt without any noise or displays of emotion he fits two up his butt and starts crying and is killed and eaten  guy number two comes back carrying 10 cherries the chief tells him in order to live  he must put all 10 of the cherries up his butt without any noise or displays of emotion he puts 8 up his butt and starts laughing he is killed and eaten  guy number 1 and 2 meet up in heaven guy one askes  you almost did it  you were so close why did you start laughing  guy number 2 says  i saw guy number 3 coming with pineapples ,4660qu,jokes,humor,1455675967,fruitseller24,4,0,6,735,0
clothed minded,4664bk,jokes,humor,1455677313,Mahimah,3,0,277,5587,0
yeah  he pasta way,4664ii,jokes,humor,1455677383,Pra1217,1,0,1,166,0
why  then  i just use his last name ,46664k,jokes,humor,1455678010,eFrazes,5,0,4922,3268,0
after quasimodo s death  the bishop of the cathedral of notre dame sent word through the streets of paris that a new bell ringer was needed the bishop decided that he would conduct the interviews personally and went up into the belfry to begin the screening process after observing several applicants demonstrate their skills  he had decided to call it a day just then  an armless man approached him and announced that he was there to apply for the bell ringer s job the bishop was incredulous   you have no arms   laughed the bishop  no matter   said the man  observe   and he began striking the bells with his head  producing a beautiful melody on the carillon the bishop listened in astonishment  convinced he had finally found a replacement for quasimodo but suddenly  as he rushed forward to strike the bell again  the armless man tripped and plunged headlong out of the belfry window to his death in the street below the stunned bishop rushed down two hundred and ninety five church steps  when he reached the street  a crowd had gathered around the fallen figure drawn by the beautiful music they had heard only moment before  as they silently parted to let the bishop through one of them asked   bishop  who was this man      i do nt know his name   the bishop sadly replied    but his face rings a bell   the following day  despite the sadness that weighed heavily on his heart due to the unfortunate death of the armless campanologist  the bishop continued his interviews for the bell ringer of notre dame  the first man to approach him said   your excellency  i am the brother of the poor armless wretch that fell to his death from this very belfry yesterday i pray that you honour his life by allowing me to replace him in this duty  the bishop agreed to give the man an audition and  as the armless man s brother stooped to pick up a mallet to strike the first bell  he groaned clutched at his chest  twirled around  collapsed and died on the spot  two monks hearing the bishop s cries of grief at this second tragedy  rushed up the stairs to his side  what has happened  who is this man   the first monk asked breathlessly  i do nt know his name  sighed the distraught bishop  buthe s a dead ringer for his brother,46673f,jokes,humor,1455678368,spanglebot,2,0,1,1,0
a guy goes to the supermarket and notices an attractive woman waving at him she says hello he  s rather taken aback because he can  t place where he knows her from so he says   do you know me   to which she replies   i think you  re the father of one of my kids  now his mind travels back to the only time he has ever been unfaithful to his wife and says   my god  are you the stripper from my bachelor party that i made love to on the pool table with all my buddies watching while your partner whipped my butt with wet celery   she looks into his eyes and says calmly   no  i  m your son  s teacher ,4668vr,jokes,humor,1455679048,NittanySteve,42,0,1,287,0
a moth goes into a podiatrist  s office  and the podiatrist  s office says   what seems to be the problem  moth   the moth says  what  s the problem  where do i begin  man  i go to work for gregory illinivich  and all day long i work honestly doc  i don  t even know what i  m doing anymore i don  t even know if gregory illinivich knows he only knows that he has power over me  and that seems to bring him happiness but i don  t know  i wake up in a malaise  and i walk here and there  at night i  i sometimes wake up and i turn to some old lady in my bed that  s on my arm a lady that i once loved  doc i don  t know where to turn to my youngest  alexendria  she fell in the  in the cold of last year the cold took her down  as it did many of us and my other boy  and this is the hardest pill to swallow  doc my other boy  gregarro ivinalititavitch  i no longer love him as much as it pains me to say  when i look in his eyes  all i see is the same cowardice that i  that i catch when i take a glimpse of my own face in the mirror if only i wasn  t such a coward  then perhaps  perhaps i could bring myself to reach over to that cocked and loaded gun that lays on the bedside behind me and end this hellish facade once and for all  doc  sometimes i feel like a spider  even though i  m a moth  just barely hanging on to my web with an everlasting fire underneath me i  m not feeling good and so the doctor says   moth  man  you  re troubled but you should be seeing a psychiatrist why on earth did you come here   and the moth says    cause the light was on  norm macdonald,466ake,jokes,humor,1455679674,NittanySteve,5,0,1,287,0
she replies   snoopy snow white cinderella dopey pinocchio harry potter ariel 8  the tech support guy ask   why such a long password    i was told it needs to have 7 characters and one number  she replies ,466b8q,jokes,humor,1455679938,Trtlman,2,0,5789,3035,0
it runs in your jeans  credit to my younger brother on this one,466c82,jokes,humor,1455680304,WildWallabeast,13,0,4,156,0
he had 8020 vision,466cp3,jokes,humor,1455680491,SirLoin027,3,0,1,1,0
he says   aw  i forgot to feed the dogs again  ,466cqi,jokes,humor,1455680505,pigporkman,9,0,1,46,0
it was nt just because they were black the police had probable caws ,466f1m,jokes,humor,1455681387,MolotovDodgeball,0,0,15583,4920,0
i have selfdefecating humor,466gdz,jokes,humor,1455681935,FeelsGood2,1,0,40,1267,0
to avoid using negative numbers ,466hsh,jokes,humor,1455682519,NittanySteve,6,0,1,287,0
feels great and then you look down and realize you re gay ,466itx,jokes,humor,1455682942,wordsnob,10,0,3,1862,1
a lawyer had just bought a fancy new car  and was eager to show it off to his colleagues  when an eighteen wheeler came out of nowhere and took off the driver s side door with him standing right there  nooo   he screamed  because he knew that no matter how good a mechanic tried to fix it  it would never be the same finally  a cop came by  and the lawyer ran up to him yelling   my bentley door was just ruined by some foolish driver      you re a lawyer are nt you   asked the policeman   yes  i am  but what does that have to do with my car      the lawyer asked   ha  you lawyers are so materialistic all you care about is your possessions i bet you did nt even notice that your left arm is missing did you   the cop said  the lawyer looked down at his side and exclaimed   my rolex  ,466je4,jokes,humor,1455683161,80sDweeb,16,0,1,2,0
seems to be in bed with a lot of people these days ,466k3y,jokes,humor,1455683492,slasherman,1,0,12149,598,0
a young engineer was leaving the office at 5  45 pm when he found the ceo standing in front of a shredder with a piece of paper in his hand   listen   said the ceo   this is a very sensitive and important document  and my secretary is not here can you make this thing work    certainly   said the young engineer he turned on the machine  inserted the paper  and pressed the start button   excellent  excellent   said the ceo as his paper disappeared inside the machine   i just need one copy ,466kvw,jokes,humor,1455683820,80sDweeb,1,0,1,2,0
urethra ,466l31,jokes,humor,1455683903,malenkylizards,0,0,950,111300,0
but we made reservations ,466l6c,jokes,humor,1455683939,Mnmshow182,5,0,7676,70,0
time bombs ,466lvw,jokes,humor,1455684256,NickelPickle5,2,0,1,11,0
one night a police officer was staking out a particularly rowdy bar for possible violations of the drivingundertheinfluence laws at closing time  he saw a fellow stumble out of the bar  trip on the curb and try his keys on five different cars before he found his then sat in the front seat fumbling around with his keys for several minutes  everyone else left the bar and drove off  finally as he started his engine and began to pull away the police officer stopped the driver  read him his rights and administered the breathalyzer test  the results showed a reading of 00 the puzzled officer demanded to know how that could be  the driver replied   tonight i m the designated decoy ,466nj1,jokes,humor,1455684998,80sDweeb,1,0,1,2,0
because it is next to the ac,466pes,jokes,humor,1455685821,Rom3y,1,0,19,9,0
that one had me shaolin like a hyena ,d00pq7d,jokes,humor,1455551057,BoaconicNoblewomen,55,0,1,297,0
to be honest 45 years of complaining would bother a guy  highest karma comment wahoo  _ o o  _     _                   __       _        u,d00rfav,jokes,humor,1455553774,Tequila_Giraffe,2119,0,1,17577,0
 ,d00vfjl,jokes,humor,1455559713,mitachoo,18,0,422,49,0
i think this joke was worth my time here thanks for giving me a smile ,d00xbu8,jokes,humor,1455562427,plutonium-239,240,0,18430,3369,0
there s a whimsical wisdom about this i love it  thanks for sharing,d00ynow,jokes,humor,1455564314,dinolexi,7,0,152,2159,0
am i the only one who finds it disturbing that the head monk wastes his 15 year speech to tell everyone else its been 15 years ,d00z417,jokes,humor,1455564965,feeya7,1675,0,1,3065,0
i know it with  you are allowed 2 words every 15 years  food cold bed hard then he get kicked out  always complaining,d0103od,jokes,humor,1455566395,thtrf,143,0,1,7490,0
 i m going to screw the lightbulb ,d010au7,jokes,humor,1455566687,Bikes_Standing_Up,260,0,1,3852,1
one of the best jokes i ve ever heard  thanks ,d010ggn,jokes,humor,1455566913,Belinder,3,0,1711,12530,0
fake women do nt work alongside men in factories ,d010u8q,jokes,humor,1455567473,Bloodrot,58,0,597,5116,1
  the original joke is this    a man joins an order of monks every five years each monk meets with the abbot and is allowed two words  after the first five years  the new monk meets with the abbot and offers his two words   food cold  the abbot nods his head and the monks returns to regular duties  after the next five years  the monk meets with the abbot and offers his two words   bed hard  the abbot nods his head and the monks returns to regular duties  after another five years  the monk meets with the abbot and offers his two words   i quit  the abbot nods his head and says   i do nt blame you  all you ve done is complain since you ve been here ,d011czn,jokes,humor,1455568220,TMCBarnes,88,0,421,22667,0
these jokes are a lot better than what usually gets upvoted here  yet it does nt have as many points maybe it s my type of humor ,d012gil,jokes,humor,1455569776,Spartan_13,2,0,2003,7869,0
a man is driving down the road and his car breaks down near a monastery he goes to the monastery  knocks on the door  and says   my car broke down do you think i could stay the night   the monks graciously accept him  feed him dinner  and even fix his car as the man tries to fall asleep  he hears a strange sound a sound unlike anything he s ever heard before the sirens that nearly seduced odysseus into crashing his ship comes to his mind he does nt sleep that night he tosses and turns trying to figure out what could possibly be making such a seductive sound  the next morning  he asks the monks what the sound was  but they say   we ca nt tell you you re not a monk  distraught  the man is forced to leave  years later  after never being able to forget that sound  the man goes back to the monastery and pleads for the answer again  the monks reply   we ca nt tell you you re not a monk  the man says   if the only way i can find out what is making that beautiful sound is to become a monk  then please  make me a monk  the monks reply   you must travel the earth and tell us how many blades of grass there are and the exact number of grains of sand when you find these answers  you will have become a monk  the man sets about his task  after years of searching he returns as a grayhaired old man and knocks on the door of the monastery a monk answers he is taken before a gathering of all the monks   in my quest to find what makes that beautiful sound  i traveled the earth and have found what you asked for  by design  the world is in a state of perpetual change only god knows what you ask all a man can know is himself  and only then if he is honest and reflective and willing to strip away self deception  the monks reply   congratulations you have become a monk we shall now show you the way to the mystery of the sacred sound  the monks lead the man to a wooden door  where the head monk says   the sound is beyond that door  the monks give him the key  and he opens the door behind the wooden door is another door made of stone the man is given the key to the stone door and he opens it  only to find a door made of ruby and so it went that he needed keys to doors of emerald  pearl and diamond  finally  they come to a door made of solid gold the sound has become very clear and definite the monks say   this is the last key to the last door  the man is apprehensive to no end his life s wish is behind that door  with trembling hands  he unlocks the door  turns the knob  and slowly pushes the door open falling to his knees  he is utterly amazed to discover the source of that haunting and seductive sound    but of course  i ca nt tell you what it is because you re not a monk ,d012k9m,jokes,humor,1455569924,9tailNate,421,0,3941,1582,0
would you say that she has eaten her fair share ,d012vgb,jokes,humor,1455570374,RedditorSaiddit,7,0,6,740,0
i think this is one of those jokes that you can expand to twenty minutes to get a groaning laugh where everyone secretly wishes you d had a heart attack at the beginning to save them the agony of listening to it so that s how i m going to tell it,d012ya0,jokes,humor,1455570490,Wobawobawob,25,0,1,230,0
the head monk spoke twice though,d013zd4,jokes,humor,1455572003,-High-C,1,0,6,7316,0
 remindme 15 years,d014649,jokes,humor,1455572280,SyphilisJuice,2,0,107,794,0
do nt make fun of her she has too much on her plate already ,d0146so,jokes,humor,1455572307,Flippydaman,60,0,236,1280,1
i swear  it s the same repost every 15 years ,d01475n,jokes,humor,1455572321,Joald,2,0,163,1119,0
 deleted ,d0147gm,jokes,humor,1455572333,[deleted],-71,0,0,0,
is she black ,d014dvg,jokes,humor,1455572592,quiet_on_iverson,6,0,1,578,0
heyyyyy the head monk talked twice ,d014h2b,jokes,humor,1455572720,nefariouspenguin,1,0,2,1108,0
when he was 15 years old john heard the calling and joined the local monastery he took the vows of poverty  humility and celibacy  then became brother john  his job was to print bibles every day he would diligently copy the bible out by hand and then cover and bind the copies in leather  after 50 years the head monk told brother john that he had been an excellent and pious monk and that the monastery was having a retirement feast to honor him the next evening  the head monk then asked brother john if had ever had any doubts about his decision to join the monastery brother john replied  well to be honest  since we are copying the bible by hand i have often wondered how you know we have not made any mistakes   oh that s easy  replied the head monk   we have the first bible ever written down in our vaults so we know we are rewriting god s original words i will take you down there so you can see it yourself  so they went down to the vault and brother john began to read he missed supper that night and breakfast the next morning when it was time to begin the feast in his honor he still had not left the vault so the head monk went down to get him  when he entered the vault the head monk saw brother john sitting there  holding his head in his hands as his body was wracked with uncontrollable sobs   brother john  brother john   cried out the head monk   what is the matter   brother john looked up and cried out     celebrate       the word is    celebrate       ,d015px7,jokes,humor,1455574576,fuzzzybear,46,0,8,4352,0
this may be only the second or third joke in this sub to make me laugh aloud ,d015qjs,jokes,humor,1455574602,I_would_kill_you,2,0,856,16482,0
funny ,d0175zj,jokes,humor,1455576772,microdon23,1,0,1,3567,0
 remindme 15 years,d0178ky,jokes,humor,1455576882,stinkysmellycheese,4,0,72,170,0
uh  i ca nt remember what movietv show this i ve heard this from and it s annoying me ,d017atm,jokes,humor,1455576977,ScornMuffins,1,0,1,3034,0
gaffaw,d0181yz,jokes,humor,1455578151,Kon_EL77,1,0,1,149,0
heard a priest tell it as a nun  one of my favs,d0183re,jokes,humor,1455578229,BrainyBrian,1,0,736,1520,0
the best part is imagining the head monk s lines in a calm  gentle voice right up to the last line ,d018pmq,jokes,humor,1455579200,SamuraiSpaceSquid,3,0,0,0,
thanks for the laugh ,d0192cz,jokes,humor,1455579758,Zafirumas,2,0,1,16,0
 remindme 15 years shit i ll be 42 if this ever gets back to me ,d019b6b,jokes,humor,1455580153,Flyberius,3,0,3226,38241,0
this ca nt be as bad as the monk joke ,d019gev,jokes,humor,1455580382,crushcastles23,2,0,0,0,
first heard this in afrikaans  though it was only two words per seven years  food bad  bed hard  i m leaving ,d01a4o9,jokes,humor,1455581470,Aacronian,2,0,0,0,
do nt make fun of fat people with a lisp they are probably thick an tired of it ,d01an54,jokes,humor,1455582303,__Anorak__,15,0,5,66,0
try again on her 18th birthday,d01anhu,jokes,humor,1455582319,Yoguls,103,0,1257,8754,0
well with jokes like that i can see why she said no ,d01aqck,jokes,humor,1455582445,soiceyburr,13,0,1,87,0
  slow clap   well done op ,d01djuy,jokes,humor,1455586933,twig973,1,0,4,0,0
it ll teach em some character,d01e7hm,jokes,humor,1455587963,Edgar-Allans-Hoe,20,0,2186,31761,0
can someone explain this to me please ,d01f4ee,jokes,humor,1455589386,homelessjedi06,3,0,4638,196,0
the first rule of monk club is  you do not talk,d01fkjl,jokes,humor,1455590094,Groinlover,3,0,1,2,0
if this were a martial arts movie then those kids would grow up  master kungfu and kick the shit out of him ,d01g5zc,jokes,humor,1455591029,mugen_is_here,4,0,2885,5222,0
lmao that will never get old,d01g8kq,jokes,humor,1455591139,Alo518,14,0,1,19,0
this made my sad day ,d01gki6,jokes,humor,1455591666,Nightviewer,2,0,1,1,0
wonder if she was wearing a skirt ,d01gs42,jokes,humor,1455591998,kingmuncher,24,0,1,150,0
something similar happened to me  except that she said yes both times later it turned that the girl of my dreams was the girl of just my dreams ,d01hfpn,jokes,humor,1455593028,sonicneo1,3,0,132,3878,0
bravo sir  bravo ,d01hr1n,jokes,humor,1455593540,theloosestofcannons,18,0,1,2492,0
that s raype ,d01i9i2,jokes,humor,1455594362,RfrankieR,-8,0,33,2730,0
fiance is in the icu with a bad fever from leukemia and this made her laugh out loud thanks op ,d01jic1,jokes,humor,1455596441,7206vxr,5,0,2437,3290,1
but when she hauls ass it takes 2 trips ,d01jn3e,jokes,humor,1455596654,tylrmhnn,1,0,24,6861,0
 i did nt see that coming ,d01k2ac,jokes,humor,1455597393,portajohnjackoff,165,0,10124,36047,0
http  iimgurcommbaqrpng  fb,d01k2v2,jokes,humor,1455597422,SummonWurm,34,0,14343,22313,0
i would nt blame her for eating the other two,d01kb7j,jokes,humor,1455597861,Nslugger,1,0,21,427,0
carlos mencia will be using this ,d01kd66,jokes,humor,1455597965,evilcounsel,13,0,2271,13292,0
serious question for anyone who actually knows about real monks  if they take a vow of silence  can they communicate in other ways  such as using gestures  or writing  texting  etc   just curious ,d01kg0j,jokes,humor,1455598114,blippyz,2,0,1,207,0
damm  that s dark  have an upvote,d01kwuw,jokes,humor,1455599023,Gunpoint_Rajah,-1,0,1,28,0
above average ,d01l0zd,jokes,humor,1455599255,EIGHTHOLE,6,0,138,225,0
i ve heard it where he can only say two words  and he says   food bad    bed hard   and   i quit  still makes me laugh every time i hear it ,d01l8t8,jokes,humor,1455599690,Ramicus,2,0,312,549,0
oh  i thought you re gon na say penis because you know  18 inches is such an average length ,d01laij,jokes,humor,1455599788,_sxb,27,0,425,38953,1
your butt hairs ,d01lbrh,jokes,humor,1455599859,NotMyRealName432,1,0,20,11,0
your math pun is good  but minus funnier,d01lbxr,jokes,humor,1455599868,WajorMeasel,37,0,18,54013,1
 you re hired   http  iimgurcomkfrpyvcgifv  joke repost  comment repost  and he tells 2 friends  and he tells 2 friends  and he tells 2 friends ,d01lg5z,jokes,humor,1455600108,MemphisWill,6,0,185,680,0
10 minutes later and i m still laughing like an immature 5 year old have an upvote ,d01lpz1,jokes,humor,1455600676,Returningdarkness,42,0,1,49,0
i said   kanye s gold chain   in my head before clicking was nt far off ,d01ltr7,jokes,humor,1455600897,Came4ThePie,2,0,1,6613,0
try to  integrate  your sense of humor with your work and you will be a successful man one day,d01mj34,jokes,humor,1455602480,iknowyourwoman,3,0,1,204,0
is this also a black joke  something something 35ths,d01mkpg,jokes,humor,1455602586,TheSlothstranaut,5,0,104,5847,1
uh black humor ,d01mx69,jokes,humor,1455603402,the_original_Retro,8,0,1,41247,0
this is one of the oldest extant jokes in the world  here s a version in medieval irish  http  wwwsmouhiacuksengoidelcdonnchatmen,d01n081,jokes,humor,1455603606,tawaka_susuki,3,0,1,2,0
oh my god,d01n86w,jokes,humor,1455604145,Samoht_Tloh,61,0,1,3872,0
jesus fucking christ ,d01nc9b,jokes,humor,1455604432,peaches_and_dreams,45,0,1,36,0
 deleted ,d01neyl,jokes,humor,1455604624,[deleted],0,0,0,0,
got ta hand it to her ,d01nipi,jokes,humor,1455604893,TED4000,34,0,2296,8068,0
explanation please ,d01nyc5,jokes,humor,1455606084,rarelyfunny,7,0,153,2469,0
man  this funny it s a shame people take it seriously and refuse to find the humor in things,d01ofco,jokes,humor,1455607455,I_just_pooted,15,0,13,473,0
that s jimmy carr s joke though,d01oliy,jokes,humor,1455607974,Excel9412,6,0,1,13,0
this is fucking excellent  well done ,d01omq2,jokes,humor,1455608078,CrispyJordan,4,0,1,186,0
it s funny because you raped the baby and then killed him,d01oveo,jokes,humor,1455608845,Sidrisrock,29,0,35743,38609,1
phenomenal ,d01oxpv,jokes,humor,1455609053,ImYuriGagarin,3,0,12,1628,0
i totally expected a  you stole this from anthony jeselnik  comment here  edit  typo,d01oy3y,jokes,humor,1455609089,Vexelbalg,1,0,1,17,0
quick thinking respect ,d01oze9,jokes,humor,1455609205,Vexelbalg,7,0,1,17,0
babality ,d01p2dw,jokes,humor,1455609474,UnsubstantiatedClaim,2,0,1,83954,0
wait did isaac newton really die a virgin ,d01p63u,jokes,humor,1455609823,DangerDragonDude,5,0,1,4484,0
well  at least you know she is nt seeing other people ,d01piu0,jokes,humor,1455611027,Pianoangel420,2703,0,36659,106248,1
with these upgrades ,d01pj6w,jokes,humor,1455611061,onomotopotato,3,0,1,60,0
she s a 10 on the richter scale ,d01plqi,jokes,humor,1455611319,IAmARobot,10,0,2940,2167,0
i knew a mike hunt at schooli never made that connection mike hunt was a bit of a dick actually now i wish i could travel back in time to tease him about it ,d01pobj,jokes,humor,1455611581,Lostyogi,10,0,1,167,0
she said   you have the biggest cock i ve ever felt  i said   you re just pulling my leg ,d01pv9j,jokes,humor,1455612297,GoGators2,602,0,1265,4454,0
reminds me of the time i dated a homeless woman it was great because i could drop her off anywhere ,d01q1lr,jokes,humor,1455612975,missinglynx61,395,0,1,1915,0
damnit  i misunderstood the joke at first and tried counting the words he could say per year  at first  i was like  pft  no punchline here  wordcount is different  then i backread fail,d01q4p4,jokes,humor,1455613295,0kills,2,0,282,1425,0
okay  why do we have to repeat our titles in the joke ,d01q6qi,jokes,humor,1455613518,PetriOosthuizen,-3,0,209,143,0
that s awesome can we get more dead baby jokes on this sub instead of the thinly veiled racism ,d01qfdp,jokes,humor,1455614447,ButtsexEurope,9,0,1948,153749,0
not one fucking week,d01qqlk,jokes,humor,1455615707,TED4000,16,0,2296,8068,0
give that man a hand ,d01rdmk,jokes,humor,1455618392,grendel123,11,0,1158,17653,0
you just keep hamming it up ,d01rez3,jokes,humor,1455618548,grendel123,1,0,1158,17653,0
you better hope her husband s not daredevil,d01rf9n,jokes,humor,1455618584,cougar1992,1,0,1,246,0
for crust s sake be more careful next time ,d01rj2r,jokes,humor,1455619025,Birdie_Num_Num,28,0,7539,164278,0
pleasantly surprised  i was expecting another just the tipstyle punchline,d01rjcv,jokes,humor,1455619057,JerroSan,2,0,12,4708,0
at first she did nt see the point but after feeling it out she no longer had the bad taste in her mouth ,d01rm9n,jokes,humor,1455619387,Xenomemphate,7,0,47,7616,0
you ll be so fat after thanksgiving  instead of belly button lint  you ll find full sweaters ,d01rn76,jokes,humor,1455619493,soomro763,1,0,627,-1,0
i could nt see myself having sexual relations if i went blind ,d01ro04,jokes,humor,1455619584,aaeme,3,0,1,965,0
dough  it is crunchy now,d01rq45,jokes,humor,1455619835,RugBurnDogDick,2,0,1,74841,1
behind every fat woman there is a beautiful woman no seriously  your in the way,d01rrnq,jokes,humor,1455620014,Ehsan763,5,0,397,11,0
i ve heard this one from a friend  it s a jimmy carr joke still pretty tame by his standards few more  here   https  wwwyoutubecomwatch  v  8hpuv5pp4vq  for those keen ,d01rrsq,jokes,humor,1455620031,30_percent_iron_chef,14,0,1,860,0
just say it s cajun all good ,d01rvb7,jokes,humor,1455620436,fosighting,0,0,1,13563,1
his father is phillip mike hunt  i believe ,d01rzm8,jokes,humor,1455620927,ORCH1D,16,0,3217,1075,0
did nt michael hundt retire to nantucket ,d01s5ns,jokes,humor,1455621599,Thameus,1,0,1134,148381,0
i m going to carve the turkey bird this christmas  i m going to carve the turkey bird this christmas   i m british ,d01s65m,jokes,humor,1455621653,JimBroke,1,0,1333,18341,0
that is a skewed view she better change mode ,d01s6kc,jokes,humor,1455621698,queenstownboy,2,0,48,89,0
i asked a blind woman out once she told me she could nt see a future together ,d01scg2,jokes,humor,1455622356,The_gullible_swan,92,0,1,920,0
pathetic ,d01sjtc,jokes,humor,1455623130,#NAME?,-8,0,419,8714,0
you make sexual relationship  sound like a telephone conversation ,d01so52,jokes,humor,1455623561,idkanythang,1,0,1,16,0
i bet she did nt see that cumming ,d01t3aq,jokes,humor,1455625032,DrDraydle,1,0,1,63,0
shame on you for keeping her in he dark ,d01t5qx,jokes,humor,1455625250,Spacmo,1,0,1,8,0
best way to prank a blind guy  plunger in the toilet ,d01t5zg,jokes,humor,1455625269,macthecomedian,25,0,5,39188,0
lmao i was browsing the front page of reddit and i seen this scrolling by an my first thought was  oh wow thats pretty cool  then when i clicked it i realized it was in rjokes lmao ,d01t6q5,jokes,humor,1455625336,Andrew1357900,4,0,1,60,0
i thought it s rsex,d01t6v7,jokes,humor,1455625347,mkss89,2,0,1,1056,0
twist  she was bi and married to a woman,d01t7xb,jokes,humor,1455625439,bbcslave92,2,0,25,528,0
took him long enough  ,d01td66,jokes,humor,1455625890,Espege,2,0,0,0,
ah  the unseen implications ,d01tfrc,jokes,humor,1455626109,kingdomcome3914,2,0,4383,10319,0
margarets car broke down i need to drive her home ,d01tkon,jokes,humor,1455626521,B00ker_DeWitt,2,0,127,18384,1
i d thought it would ve been pleasuring all the dogs ,d01tnwb,jokes,humor,1455626784,Mathieulombardi,1,0,1008,18035,0
your moms boobs,d01tp7r,jokes,humor,1455626887,Themperror,1,0,942,1365,0
that s disgusting  have an upvote ,d01ttv4,jokes,humor,1455627254,errrno,6,0,5,437,0
nobody who would be offended by this joke is going to see it so i do nt feel bad laughing ,d01tx30,jokes,humor,1455627507,shavedcarrots,3,0,1,989,0
ujokeexplainbot where are you ,d01u1sz,jokes,humor,1455627870,B00ker_DeWitt,16,0,127,18384,1
it s because women make less than men  which is ironic because bernie seems to care more about equal gender pay than hillary,d01u1zs,jokes,humor,1455627886,AppaulledRevere,177,0,1,990,0
because in one way you are just a normal person  but on the other hand you are literally hitler ,d01u85n,jokes,humor,1455628357,icybeard,6,0,15,278,0
i think hilary makes 78mil for every 10 bucks bernie does ,d01u9ns,jokes,humor,1455628468,BattleRoyaleWtCheese,2428,0,1,8467,0
i bet she does nt see the relationship lasting long,d01u9x5,jokes,humor,1455628488,Megafiend,2,0,90,487,0
cherith cutestory over here,d01ubzy,jokes,humor,1455628637,omallyalleycat,1,0,1,82,0
ouch ,d01ucr1,jokes,humor,1455628690,explorer886,2,0,1,1,0
better than most of the grammy winners ,d01ucsg,jokes,humor,1455628692,Dr_Vesuvius,3,0,40,9197,0
back to the drawing board with this one not even a titter ,d01ukdg,jokes,humor,1455629213,Sweet_Monster,2,0,1,21,0
i m not trying to play some kind of funpolice here  and i do nt want to judge op  but i honestly find it pretty fucked up how frequently these rape jokes land on the frontpage  i mean  yes  there  are  funny jokes about rape  but i feel like i see one every second day now why is it always the rape jokes that get upvoted so heavily ,d01uwjw,jokes,humor,1455630019,Jeanpuetz,1,0,196,26081,0
when my fists start to pop  kids start to drop ,d01uy1b,jokes,humor,1455630117,NeogeoDude88,3,0,57,113,0
that s quite a good one  nicely done ,d01uzwg,jokes,humor,1455630239,Lenny452,2,0,1,182,0
i just looked at my calender  had to make sure its 2016 ,d01v3ck,jokes,humor,1455630465,TheJester73,18,0,1,3475,0
took me a second hahaha,d01v3la,jokes,humor,1455630480,QuiteRadical,1,0,2349,9835,0
the ladies are voting for bernie too ,d01v424,jokes,humor,1455630508,Nettius2,13,0,1,1361,0
but she does nt see it going anywhere ,d01v5uz,jokes,humor,1455630621,seedlesssoul,2,0,1339,42843,0
get out,d01v61e,jokes,humor,1455630631,LaxLimbutts,8,0,64,500,0
the irish guy was so stupid he should have just made a noise like a potato,d01v68s,jokes,humor,1455630644,Birdie_Num_Num,14,0,7539,164278,0
this was really confusing until i realised it was nt rconfessions but rjokes,d01vcnz,jokes,humor,1455631036,MasterGroove,1,0,22,196,0
did you finally get the name of the waitress  charlie ,d01vet0,jokes,humor,1455631169,jesupai,2,0,217,5346,0
i wish i was nt alone when this happened because i feel like no one believes it i was at the local mall when i was younger i was in the food court grabbing lunch  my mom was in another store a few mall cops walked by giggling  then did the whole  ok  ok  shh  thing to each other one began to speak into his walkie talkie and all i heard was him repeat the name  mike   when he stopped talking they all burst out laughing a minute later a lady s voice came across the pa system asking for mike hunt to report to security the mall cops lost it laughing i laughed a few ears around the food court perked up of course mr hunt never reported to security so the announcement was made several more times after i was back with my mom i was about 15 at the time and held back laughing because i did nt want to explain why i was laughing to my mom looking back on it now she probably would have laughed along ,d01vj9b,jokes,humor,1455631438,ycpa68,1,0,4510,29824,0
i do nt know if i she sees a future with me though ,d01vjeq,jokes,humor,1455631447,cypherazul,1,0,6,266,0
she does nt see it happening,d01vplf,jokes,humor,1455631810,y2kbaby2,1,0,1,19,0
do you argue much  it must be difficult to see eye to eye ,d01vq5z,jokes,humor,1455631843,flyingsquirrelsftw,1,0,675,1769,0
i thought this was a trp post at first ,d01vrlq,jokes,humor,1455631924,JeanValjean197o,1,0,1,13936,0
now let s make sure we re being fair bernie   333 for you   333 for hilary  and even omalley gets  333  oh yea i can feel that equality ,d01vuwq,jokes,humor,1455632114,cmclaughlin80,166,0,1,903,0
it took me a little while  and i had to say it outloud  but i got it ,d01vy1r,jokes,humor,1455632292,SwiggleTracks,1,0,117,23,0
i bet she never saw you coming ,d01w50p,jokes,humor,1455632692,JohnP93,1,0,567,11476,0
hahahaha nice punchline dude,d01w912,jokes,humor,1455632911,4esT-metal,1,0,19,31,0
bet she never saw you coming ,d01wakk,jokes,humor,1455632997,sunnyspiders,1,0,514,16117,0
did not see that coming ,d01wnh7,jokes,humor,1455633681,Fat-Panda,1,0,180,3930,0
you should xpost this to rimgoingtohellforthis,d01wtf3,jokes,humor,1455633984,zleuth,2,0,8362,47558,1
you must admit  you got ta hand it to her ,d01wuw6,jokes,humor,1455634060,peg_leg,1,0,13189,22890,0
is nt bernie supposed to redistribute that money to all the campaigns ,d01wwtv,jokes,humor,1455634160,the_colonialist,61,0,1,557,0
http  iimgurcomgxdnxnsgif somehow  reminds me of this one ,d01wx6j,jokes,humor,1455634178,JeffCrossSF,31,0,4,420,0
you must be his dick twin,d01x3g9,jokes,humor,1455634491,toomuchpork,1,0,153,27463,0
i feel this has potential  just need to touch it up a bit,d01xdo5,jokes,humor,1455634995,TalentedTom,5,0,1,158,0
you got ta hand it to her ,d01xqsr,jokes,humor,1455635630,WabbleDave,1,0,416,845,0
you really have to hand it to blind prostitutes ,d01xtee,jokes,humor,1455635757,ReluctantRedditor275,1,0,43291,50581,0
ha ha he he raping disabled people,d01y2nq,jokes,humor,1455636182,Vulpes_Vincentius,3,0,1,256,0
oh,d01y2xr,jokes,humor,1455636195,Broody87,1,0,253,16072,1
deadpool is that you  ,d01yigj,jokes,humor,1455636897,unleashthesun,1,0,882,119,0
that name is not as bad as  berry dixon mchunt  bury dicks in my cunt,d01yoqr,jokes,humor,1455637177,Bloodrot,1,0,597,5116,1
so does the joke do nt throw it ,d01ysst,jokes,humor,1455637359,lazyfck,0,0,832,4377,0
i do nt understand how there s so many upvotes on infidelity every day very saddening ,d01yy88,jokes,humor,1455637599,gachzorge,1,0,29,721,0
oh my god,d01yzia,jokes,humor,1455637654,gatecrasherau,7,0,1,3833,0
you ve got to hand it to her ,d01z0tr,jokes,humor,1455637711,DerpDerpingtonIV,1,0,811,2191,0
that s one of the jewpiter jokes i ve heard,d01z0wl,jokes,humor,1455637714,cuinthesky,7,0,1080,1022,0
geez  my blind girlfriend left me for a deaf guy i was like   what do you see in him   she told me he s a better listener than me ,d01z231,jokes,humor,1455637763,LoveandBonor,1,0,2114,9243,0
i ve managed personal training departments in major commercial gyms in the past and i have it on good authority that this is still the fastest way to burn 1500 calories that i know of ,d01z4qv,jokes,humor,1455637874,llHanll,5,0,24,3504,0
aww  you po thing ,d01z5l4,jokes,humor,1455637910,LoveandBonor,2,0,2114,9243,0
i m so going to annoy my wife by making her sit through me telling this,d01z8ne,jokes,humor,1455638041,Plz_Dont_Gild_Me,103,0,173,124643,1
 love is blind   no you re blind ,d01z8ov,jokes,humor,1455638042,AWildWilson,3,0,259,4500,0
what  are you hi ,d01zcyr,jokes,humor,1455638224,blatcatshat,1,0,510,13569,0
sounds like she s working through it really got to hand it to her ,d01zezj,jokes,humor,1455638310,reagan-nomics,1,0,767,9771,0
i thought this was a rtwoxchromosomes post at first,d01zhmy,jokes,humor,1455638419,bigretardedfaggot,1,0,1,325,0
i did not see that coming ,d01zi3z,jokes,humor,1455638439,how_long_is_chinese,1,0,1,186,0
took op ages to smell just like her husband too,d01zkz0,jokes,humor,1455638559,legit_trashacct,1,0,1,179,0
just get out lol,d01zop6,jokes,humor,1455638717,Billy1138,1,0,281,27771,0
did nt see that coming ,d01zs7c,jokes,humor,1455638867,BustersHotHamWater,1,0,10,37,0
last gen ports on your ps4 ,d01ztny,jokes,humor,1455638926,SkyPS4,-1,0,1,3496,0
son of a bitch  dragging my ass with you to hell for laughing ,d01zuh9,jokes,humor,1455638958,Billy1138,2,0,281,27771,0
mmmm par tasti ,d0200i8,jokes,humor,1455639208,ogbarisme,2,0,5728,42452,0
what does jeb bush say after sex  please clap ,d02019b,jokes,humor,1455639238,wibblywobblytimmey,107,0,34,935,0
i always tell it as a blonde a brunette and a redhead escaping from the police and hiding on a farm ,d02020t,jokes,humor,1455639268,Raichu5021,2,0,61,2397,0
i would have went with  do nt spell part a  backwards ,d020alo,jokes,humor,1455639623,AFK42,4,0,886,32422,0
i ve heard the same but with a blonde  a redhead  and a brunette,d020auz,jokes,humor,1455639634,abadoo123,1,0,1,-2,0
hhhhhhhhhhhhhhhhhh,d020fru,jokes,humor,1455639832,mah-mah,1,0,69,34,0
lol,d020kqz,jokes,humor,1455640032,SkyPS4,1,0,1,3496,0
what does ops mom say after sex  leave the money on the dresser ,d020msw,jokes,humor,1455640113,OPs-Mom-Bot,11,0,941,8183,0
haha owned,d020yys,jokes,humor,1455640601,SkyPS4,8,0,1,3496,0
 removed ,d020zcn,jokes,humor,1455640616,unrealduck,4,0,297,54,0
i thought it was shitposting  but okay ,d0212c6,jokes,humor,1455640733,masturbatinator,2,0,4,29,0
because pirates live to be 80 lol ,d021lch,jokes,humor,1455641478,dat_sylveon,2,0,12723,2663,1
i did nt see the sub right away  and i was so excited to hear the story oh well  i still enjoyed the joke ,d021y5b,jokes,humor,1455641979,Bosomtwe,1,0,16,608,0
conductors do nt drive the train otherwise  i laughed ,d021yjx,jokes,humor,1455641995,interfail,25,0,8581,78057,0
you mean she did nt see it cumming ,d0221yx,jokes,humor,1455642134,Dirtpig,1,0,14193,33505,0
i am offensive and i find this polish ,d0223ys,jokes,humor,1455642213,robbie0630,16,0,494,478,0
i m sure it s tough for her too you ve really got to hand it to her ,d0225nu,jokes,humor,1455642279,wiseguy327,2,0,440,2151,0
hawaii ya got ta do this ,d0225oj,jokes,humor,1455642280,JeanValjean197o,1,0,1,13936,0
like brad pitt has a less attractive brother called sess,d0229j7,jokes,humor,1455642434,MagnusRune,1,0,5071,28389,0
what if shes also voiceblind too ,d022gpc,jokes,humor,1455642715,frustratinbubble,1,0,1,6748,0
the best jokes on reddit are the ones where you do nt see the subreddit before clicking the link ty op ,d022ioj,jokes,humor,1455642793,AlbertaVape403,1,0,4,2213,0
wait till she finds out you re having her baby ,d022kmu,jokes,humor,1455642867,GlamRockDave,1,0,7,4965,0
savage   it could be better if you left  stabbed to death  out of the set up a softer set up would make the punch line hit harder like   baby i just kidnapped  or  my new born son ,d022o5j,jokes,humor,1455643005,FizzboMonkey,2,0,441,563,0
something something deadpool,d022sko,jokes,humor,1455643176,TheMysticalGoat,1,0,54,51,0
here s a joke  wage gap it s a myth ,d022vrj,jokes,humor,1455643301,TonyIsGettingUpset,26,0,1,1887,0
faced,d022x1b,jokes,humor,1455643348,Dogmaticbee,-2,0,1,-1,0
get rekt,d0232ao,jokes,humor,1455643549,Yogurt_Ph1r3,-2,0,5,5518,0
after reading about the banana i could have sworn this was going to be another orange you glad i did nt say banana joke pleasantly surprised 1010 would read again ,d0233h6,jokes,humor,1455643595,pinser87,11,0,1,703,0
if he was a mute she d be screwed,d023cpj,jokes,humor,1455643946,typo9292,1,0,3,5,1
i read all through the story for that joke  nice,d023dhi,jokes,humor,1455643974,greenleafz19,2,0,1,5,0
and of course   6 to ben carson ,d023glp,jokes,humor,1455644091,CRSHFBRCTN,30,0,1,3534,0
reposted  man ,d023mmm,jokes,humor,1455644323,nuho24,1,0,2,136,1
as far as dad jokes go  this is a pretty good one lol,d023n3v,jokes,humor,1455644341,psycosquirrel789,1,0,1,600,0
to render the buildings on the other side  makes pc elitists look pretty dumb if you cant even finish the joke properly fam,d023p8k,jokes,humor,1455644425,xMoody,-8,0,508,2431,0
true story  ,d023pk5,jokes,humor,1455644437,GoogleIsYourFrenemy,3,0,596,12228,0
itt op being a boss ,d023vgp,jokes,humor,1455644662,Thranil,2,0,548,2684,0
he s still 20 cents short,d023yak,jokes,humor,1455644766,Plz_Dont_Gild_Me,-4,0,173,124643,1
i like my humor like i like my coffee  dark and bitter ,d023zmd,jokes,humor,1455644816,positive_electron42,270,0,328,22405,1
gt  the bartender sais gt  gt  bartender sais gt  gt  gt  sais,d0240yc,jokes,humor,1455644868,thiscontent,62,0,1,23783,1
i imagine this guy just going down an entire street of coffee places with a bag full of dimes ,d024197,jokes,humor,1455644879,Honk_If_Top_Comment,11,0,7,244717,1
savage,d0241zv,jokes,humor,1455644908,nuho24,0,0,2,136,1
i ve heard this same joke  just with a musical conductor who accidentally kills people with his baton  and orders oranges each time they try to kill him   oh  i just like oranges i guess i m still alive because i m a bad conductor ,d0242hr,jokes,humor,1455644927,positive_electron42,15,0,328,22405,1
repooost ,d024305,jokes,humor,1455644947,nuho24,1,0,2,136,1
 but  muh wage gap   https  wwwyoutubecomwatch  v  wjwbxbgvyqu ,d0244rw,jokes,humor,1455645013,crossbreed55,36,0,10993,2824,0
reminds me of the guy that brought over  18000 pennies in a backpack to pay off his  187 speeding ticket   http  wwwgunscom20151215manpaysspeedingticketwithmorethan18000penniesvideo  video included in the above link ,d0245f1,jokes,humor,1455645037,asstasticbum,43,0,14950,186694,1
vile  well done sir ,d0246eb,jokes,humor,1455645076,alex89182,2,0,1,199,0
good joke  but on a serious note how does anyone actually believe the 70 something cents myth anymore ,d0248z1,jokes,humor,1455645173,OddlySpecificReferen,311,0,284,4209,0
they re a bit flashy and you can hear them miles away ,d024d0i,jokes,humor,1455645324,TicklesMcFancy,4,0,48,16689,1
uncle jack  is that you ,d024dd2,jokes,humor,1455645337,SQLDave,2,0,53,148056,0
hilaryious ,d024dh8,jokes,humor,1455645341,TK3600,11,0,260,5036,0
i ll just leave this here  the calzone  http  youtubes4xnctqtyy,d024ep2,jokes,humor,1455645385,flexfulton,5,0,71,396,0
shaken  not stirred ,d024fm1,jokes,humor,1455645421,GoogleIsYourFrenemy,1,0,596,12228,0
mike hawk lived across the street from me ,d024uur,jokes,humor,1455646001,BigfootSF68,5,0,49,984,0
damn grammar nazis,d024vg7,jokes,humor,1455646023,italianshark,2,0,328,3935,0
this joke was sponsored by rpcmasterrace    we re   everywhere        ,d0253n0,jokes,humor,1455646333,I_Just_Fly_The_Drone,58,0,531,3939,0
god dammit not expected and funny,d0254eq,jokes,humor,1455646363,totoxz,1,0,1,688,0
i donated a small amount of  1 million to trump,d0254op,jokes,humor,1455646372,marine72,1514,0,69,10062,0
this sais a joke ,d0256xt,jokes,humor,1455646457,Megadeathbot666,-1,0,1,6013,0
for fucks sake ,d0258so,jokes,humor,1455646529,YottaPiggy,2,0,1,4597,0
too much mathing ,d025b89,jokes,humor,1455646618,CURCANCHA,4,0,53,659,0
size does nt seem to be an issue here ,d025hkq,jokes,humor,1455646859,mp256,1,0,382,3403,0
good riddance ca nt stand that crap on my pizza,d025jfw,jokes,humor,1455646929,Feared77,1,0,1,629,0
awwwgoddamn it you re a terrible person ,d025kcx,jokes,humor,1455646963,Lord_Jocko,1,0,1,34,0
funny  always imagine uranus would be the most gaseous planet,d025n7l,jokes,humor,1455647071,TyrionosaurusRex7,3,0,1,2115,0
i thought that was the choice washington had to make when crossing the delaware,d025qj0,jokes,humor,1455647197,Plz_Dont_Gild_Me,3,0,173,124643,1
i bet bartender was steamed,d025qq0,jokes,humor,1455647204,UGot2Handit2Leprecns,1,0,76,12,0
blind woman wrote me a poem once it read  roses are red  violets are blue  that s what i ve heard anyways   well i think that s what it said it was just a pile of scribbles ,d025w0g,jokes,humor,1455647402,The_gullible_swan,1,0,1,920,0
wage gap is a myth,d025z2o,jokes,humor,1455647514,muh_condishunz,11,0,1181,2385,0
buffalo buffalo polish polish ,d0260jx,jokes,humor,1455647571,UGot2Handit2Leprecns,1,0,76,12,0
dr watson asks sherlock holmes a fairly basic arithmetic question holmes replies with  well that s elementary my dear watson ,d026io4,jokes,humor,1455648250,The_gullible_swan,1,0,1,920,0
 ,d0270yv,jokes,humor,1455648933,CryticaLh1T,1,0,9,421,0
fantastic ,d02794q,jokes,humor,1455649231,BenCannibal,1,0,24,12164,0
is your name cherith cutestory ,d027dj0,jokes,humor,1455649400,HummingTERD,1,0,1,188,0
i m not saying she s fatbut her ass cheeks are in different time zones ,d027gxk,jokes,humor,1455649529,leemo_12,1,0,7,3403,0
  female humans   are stereotypically perceived to earn    078   for every    100   earned by   male humans   ,d027iyq,jokes,humor,1455649607,JokeExplainBot,1066,0,1,40486,1
  bill clinton   is in an   unhappy marriage   ,d027kks,jokes,humor,1455649670,JokeExplainBot,40,0,1,40486,1
why did the chicken cross the road  he was stapled to the console player ,d027mff,jokes,humor,1455649740,UndividedDiversity,-4,0,6,2704,0
_  ooohh  fuck cornbreesha  alejandrisha  latanianabovanashrianiqualiquanice  all of you guys  run   _,d027p8k,jokes,humor,1455649848,nuho24,0,0,2,136,1
little johnny doling out justice i heard that he might get recruited by robin for the teen titans under the alias of  beast boy  ,d027ql5,jokes,humor,1455649898,Toshiro46,1,0,5,5774,1
as a butt man i disagree,d027uu5,jokes,humor,1455650057,killingbanana,4,0,4,1253,0
only joke that has made me lol  i have a terrible sense of humor ,d02805e,jokes,humor,1455650256,leu_leun,2,0,1,1,0
beef jerky makes more sense      ,d02846e,jokes,humor,1455650408,swikar_cfc,2,0,1,2,0
clever ,d0285o4,jokes,humor,1455650464,bearondiet,1,0,1246,2064,0
no  mike oxsbig,d0287kk,jokes,humor,1455650534,DoNotBelieveThisUser,3,0,2,1940,0
equivocation joke ,d028bbf,jokes,humor,1455650674,bearondiet,2,0,1246,2064,0
lmao xdamn ithaha,d028bnr,jokes,humor,1455650687,hellABunk,-2,0,139,657,0
i do nt think impersonating her husband would be a sure route to sex though  on the plus side it would be easy to find the porn stash on his laptop though ,d028dfy,jokes,humor,1455650754,teaqualizer,1,0,1132,17524,0
i read this last week ,d028dyj,jokes,humor,1455650774,disposeable1200,9,0,4,2992,0
you spelled woman wrong twice ,d028guw,jokes,humor,1455650881,jallfairs,67,0,14408,1605,0
nice simple pun,d028gxl,jokes,humor,1455650883,Waxnjackson420,4,0,1,4,0
infidelity is hilarious guyz  amirite ,d028wh9,jokes,humor,1455651461,lhwang0320,1,0,32328,6895,0
what does hillary clinton say to bill after sex  can you pick me up some batteries ,d02911x,jokes,humor,1455651630,Stringy63,1,0,100,868,0
i love this joke,d029fbp,jokes,humor,1455652159,HighPlainsDrinker,1,0,1897,3400,0
i ve read this before  but still funny lol  not sure if the ending remark  these are my cookies  was like that though ,d029jm7,jokes,humor,1455652315,bearondiet,6,0,1246,2064,0
this interaction is highly inappropriate and i demand the removal of this instructor ,d029ljh,jokes,humor,1455652385,terrovek3,0,0,93,9109,0
i fell down laughing it sounded like   hahahahaha    thump    hahahahahaha ,d029mnn,jokes,humor,1455652428,D00D00Jamz,6,0,130,7145,0
your grammar and spelling are atrocious  and the dad joke could use some work ,d029s7v,jokes,humor,1455652633,Life_in_the_tropics,3,0,1355,25786,1
was funny ,d029sh5,jokes,humor,1455652643,bearondiet,1,0,1246,2064,0
did nt even notice you spelled woman wrong  until a good samaritan pointed that out ,d029shp,jokes,humor,1455652643,imtavhomer,1,0,571,576,0
was so hoping this was rnottheonion,d029uux,jokes,humor,1455652731,portajohnjackoff,2,0,10124,36047,0
repost ,d02a26p,jokes,humor,1455653002,serventofgaben,1,0,1534,3054,0
uhostile_unicorn ripped of your post  https  wwwredditcomrjokescomments463s7twhat_did_the_pirate_say_on_his_80th_birthday,d02a2wz,jokes,humor,1455653028,Vliolix,1,0,295,201,0
and eric clapton s son goes ahhhhhhhhhhhhhhhhhhhhhhhhhhhhhhhhhhhhhhhhhhhhhhhhhhhhhhhhhhhhhhhhhhhhhhhhhhh  thump       sorry ,d02a3p6,jokes,humor,1455653057,awards-giver,2,0,1,21015,1
best told by a monkey,d02aete,jokes,humor,1455653474,you_got_fragged,1,0,55,22633,0
yeah we keep the heroine next to the cure for blindness,d02aich,jokes,humor,1455653610,FightTheOcean,8,0,1,385,0
you re so mean  you ai nt got no standard deviation ,d02akhw,jokes,humor,1455653695,ElvisArcher,1,0,1,757,0
did anybody else think of when brian dated a blind chick in family guy ,d02ao6k,jokes,humor,1455653827,tompine,1,0,18,-18,0
or just use more lube ,d02awit,jokes,humor,1455654132,badjuju91,2,0,906,4924,0
thanks  obama ,d02awxb,jokes,humor,1455654148,glorious_cheese,1,0,1,1055,0
http  imgurcomed43vit,d02ayph,jokes,humor,1455654214,hiddendll,191,0,1,245,0
what about the tax ,d02b0o7,jokes,humor,1455654284,ChocktawRidge,0,0,10,282,0
i do nt get the joke part ,d02b151,jokes,humor,1455654301,bearondiet,1,0,1246,2064,0
reddit is really bad for formatting makes the users to work around for no reason ,d02b5wu,jokes,humor,1455654473,bearondiet,3,0,1246,2064,0
clever hahaha ,d02b6v3,jokes,humor,1455654506,bearondiet,0,0,1246,2064,0
savage a v a g e,d02bgwl,jokes,humor,1455654858,Soghain,3,0,71,2548,1
was expecting a 911 joke ,d02bgza,jokes,humor,1455654861,Tragicanomaly,-1,0,1,5425,0
i would donate to bernie however i need to start saving my money now for in case he wins and my taxes go up ,d02btr1,jokes,humor,1455655323,tadair919,7,0,1,2574,0
20 floors,d02c0r7,jokes,humor,1455655575,iTalk2Pineapples,47,0,58,1295,0
lol nice,d02c1ya,jokes,humor,1455655617,IxWoodstockxI,-5,0,0,0,
do nt hit someone who s on the ground unless you re in an octagon ,d02c2b9,jokes,humor,1455655629,czy85,-1,0,26,13906,0
maybe i m just daft but i do nt get it,d02c7dm,jokes,humor,1455655818,KingFrozen,2,0,1,18,0
i donated  10 to bernie s campaign  or so i thought   got debited  500 on my card i emailed the campaign explaining i was stupid and was promptly refunded the full  500 i upped my donation to  15 based on good karma ,d02c9go,jokes,humor,1455655895,tominmoraga,36,0,280,1475,1
can anybody explain why anybody would vote for hilary ,d02ce63,jokes,humor,1455656072,another_biscuit,8,0,1,1993,0
hahahaha claaaaaaaaassic,d02cogg,jokes,humor,1455656458,Cheeseburgerbanter,-3,0,403,1385,0
i donated 990  because bernie hates the 1 ,d02ctqt,jokes,humor,1455656658,jkkpr,32,0,2,233,0
nice simple pun,d02d2z6,jokes,humor,1455657002,the-real-bro,3,0,2,20151,1
or   stop drinking in here  lab safety is no joke ,d02d6j1,jokes,humor,1455657132,swapmeetpete,5,0,1322,1469,0
  conductor   can mean   train driver   or   object that permits flow of electricity  ,d02d8ld,jokes,humor,1455657210,JokeExplainBot,10,0,1,40486,1
what a cheesy joke ,d02dfif,jokes,humor,1455657469,crunchingtamarin,1,0,11,94,0
rdarkhumor rimgoingtohellforthis,d02dszi,jokes,humor,1455657968,OwlProg,2,0,2701,2485,0
even though holly holm can beat ronda  i do nt think she would kill her in a match because murder is very frowned upon the community and the incident may affect her career and life ,d02dt2p,jokes,humor,1455657972,ObviousReports,-3,0,1,2,0
clever lol ,d02e438,jokes,humor,1455658380,bearondiet,1,0,1246,2064,0
you are a   wizard   nazzi harry,d02e6jp,jokes,humor,1455658472,medauros,-1,0,1,6,0
its like you are on top of the bell curve ,d02ettb,jokes,humor,1455659314,Feelsgood767,1,0,1,5101,0
my cousin used to run a topless bar he told me the customers never directly looked  but bought beer in smaller glasses ,d02f5p6,jokes,humor,1455659747,jimph,2,0,3,33,0
let s eat  grandma  let s eat grandma  commas make a big difference too ,d02fcr9,jokes,humor,1455660013,247NoSleep,2,0,1053,6269,0
damn  son ,d02ffj4,jokes,humor,1455660122,247NoSleep,2,0,1053,6269,0
savagery at its finest,d02fj0n,jokes,humor,1455660257,Azeranth,1,0,3,220,0
i saw a better version of this where the clock that was missing was george w bush s,d02fmsg,jokes,humor,1455660402,Rohitt624,1,0,1,0,0
did nt realize the sub until it was too late very nice ,d02fo3x,jokes,humor,1455660454,rje946,-2,0,10168,6265,0
no  this was pretty good it was a racial joke  not a racist joke  using the stereotype of colored ethnicity having higher crime rates as a fact in statistics amp  the stereotype of black people being athletic  aside from fact or not  there is a stereotype which can be used legitimately  ,d02frhg,jokes,humor,1455660589,bearondiet,1,0,1246,2064,0
yes,d02ftlu,jokes,humor,1455660668,Azeranth,1,0,3,220,0
burning man ,d02ftxb,jokes,humor,1455660682,247NoSleep,1,0,1053,6269,0
that was actually kinda funny gg wp op no re,d02fv5w,jokes,humor,1455660729,Deathray88,-1,0,10,2606,0
deadpool,d02fwdm,jokes,humor,1455660775,Azeranth,2,0,3,220,0
yes  it s true   source   https  twittercomjebbushstatus699706718419345408 ,d02fxgd,jokes,humor,1455660815,Houston_002,3,0,4385,2665,0
clever but not funny enough ,d02fzjy,jokes,humor,1455660899,bearondiet,1,0,1246,2064,0
this is funny really funny the guy is seriously trying so hard and has no idea why nobody likes him ,d02g0op,jokes,humor,1455660942,elquenuncahabla,2,0,1224,13246,0
honey  you do nt fill me up like you used to,d02g1dx,jokes,humor,1455660970,murica_dream,1,0,1,1426,0
https  pbstwimgcommediacbxhwmwwaadufpjpg,d02g3oz,jokes,humor,1455661062,dxroc,2,0,1,14,0
 please clap,d02g6ku,jokes,humor,1455661174,_PM_ME_YOUR_NIPPLES,1,0,74,86432,1
 and this empty space is the one that moved every time someone told that joke it flew away like a copter ,d02g9t1,jokes,humor,1455661300,tristes_tigres,2,0,1,946,1
so you are saying there s a chance ,d02gcw6,jokes,humor,1455661417,big_papa_pump,20,0,2,2750,0
call the bossom identification unit ,d02gf84,jokes,humor,1455661507,murica_dream,1,0,1,1426,0
til what nickels and dimes are worth ,d02gfli,jokes,humor,1455661522,Viennese_Waltz,11,0,21,8666,0
that was udderly terrible,d02gkiu,jokes,humor,1455661716,twisted42,5,0,115,3594,0
that did nt make a lot of sense,d02gkyl,jokes,humor,1455661732,TheLegoofexcellence,1,0,74,73,0
i just got cancer ,d02gq26,jokes,humor,1455661932,Ethernus,0,0,1,3795,0
did nt get the joke part but if serious  the mother would nt have any say in it as it is only her decision ,d02gqj5,jokes,humor,1455661951,bearondiet,-3,0,1246,2064,0
as a bears fan  i have heard this as  if your parents were morons  then i d be a packer fan ,d02grvn,jokes,humor,1455662004,livewirejsp,1,0,1,1427,0
john meeting saint peter sounds like a euphemism for peeing ,d02h0pu,jokes,humor,1455662359,ScornMuffins,5,0,1,3034,0
aww i want to know,d02h2vm,jokes,humor,1455662448,agenthek,1,0,0,0,
that escalated quickly ,d02h3m6,jokes,humor,1455662478,PlamenDrop,2,0,230,1766,0
more like rlifeprotips,d02h6dt,jokes,humor,1455662588,PlamenDrop,2,0,230,1766,0
i read that as  mormons ,d02h8vz,jokes,humor,1455662689,PlamenDrop,2,0,230,1766,0
i thought that was when you piss yourself ,d02his9,jokes,humor,1455663083,noccusJohnstein,1,0,2107,29077,0
was totally expecting a yo momma joke ,d02hj5z,jokes,humor,1455663099,skandr75,3,0,663,16281,0
i thought it was  feminist ,d02hkyr,jokes,humor,1455663170,jinjew1,2,0,1,13641,0
amoosing ,d02hnu7,jokes,humor,1455663287,InvisibleSoul8,1,0,1,700,0
first floor person just calmly walks he is on the bottom follr  after all ,d02ho7i,jokes,humor,1455663301,halofreakrun,1,0,8,8265,1
nice simple pun,d02hpzb,jokes,humor,1455663371,MarioGAB,2,0,54,2848,0
good one tired of the stupid dad jokesone line lame puns that keep showing up on this subreddit ,d02hv60,jokes,humor,1455663587,cantpissoffmods,1,0,740,28887,0
i do nt see the point in dating a blind woman ,d02hvys,jokes,humor,1455663620,Moonshiner1198,1,0,1,0,0
nice simple pun,d02hzny,jokes,humor,1455663773,Bo34024,2,0,1,1,0
that was good lt  insert cow pun heregt ,d02i0ek,jokes,humor,1455663804,TheRealJakeDaniels,1,0,112,1369,1
is there such a thing as a console upgrade ladder master race circle jerk  i m growing tired of the pc upgrade ladder master race circle jerk  though i belong to both,d02i11y,jokes,humor,1455663833,staypositiveasshole,0,0,103,16303,0
jokes are actually amusing tonight ,d02i30s,jokes,humor,1455663916,justaguyhangingout,3,0,63,240,0
nice simple pun,d02i36z,jokes,humor,1455663923,Schnobbevom,5,0,3340,7287,0
oh my god,d02i3la,jokes,humor,1455663940,OsrsNeedsF2P,1,0,3051,3768,1
everyone up vote ,d02i3n6,jokes,humor,1455663942,The_Trolliest_Troll,-6,0,11,1759,0
i upvoted i hope she tears you like wet tissue paper ,d02i6m4,jokes,humor,1455664065,iSo_Cold,11,0,3466,7598,1
is nt it supposed to be over 40 cents  not worth,d02i8g0,jokes,humor,1455664140,justaguyhangingout,2,0,63,240,0
this is one of the best repost if seen  today ,d02ibdf,jokes,humor,1455664262,bellsbeard,1,0,8085,17328,0
and probably  6 to obama,d02id7t,jokes,humor,1455664340,_username_goes_here_,2,0,65,4962,0
fuck off and take my upvote ,d02ihb4,jokes,humor,1455664516,Blackhawk510,3,0,5,1095,0
heh i like this one ,d02ihl4,jokes,humor,1455664527,lordpuppy,1,0,1,278,0
i hope you need a manpon after your session ,d02ihzd,jokes,humor,1455664544,TheRealJakeDaniels,1,0,112,1369,1
plot twist  this probably is nt the first time op try anal  ok  maybe the first time with a girl    ,d02ijgf,jokes,humor,1455664607,Assmouthorboth,1,0,1,12544,1
have at it ,d02ik5i,jokes,humor,1455664637,AznKilla,1,0,1,17,0
http  iimgurcomw1f3rzkgifv,d02il77,jokes,humor,1455664682,dont_wear_a_C,236,0,2705,81005,1
karma whoring at its best ,d02inp6,jokes,humor,1455664791,Toshiro46,15,0,5,5774,1
that is so true if you hate someone just for their skin color  you re just not trying hard enough ,d02ins1,jokes,humor,1455664795,Bacore,14,0,5,35381,0
prepare your anus ,d02ip9p,jokes,humor,1455664860,searchinforthetruth,1,0,84,3120,0
one thrust at a time,d02ipij,jokes,humor,1455664870,Dominantmuthafudga,-1,0,1,198,0
 deleted ,d02itnk,jokes,humor,1455665046,[deleted],5,0,0,0,
     ,d02ivbl,jokes,humor,1455665120,TheaspirinV,1,0,1309,2599,0
reposted monthly ,d02iwew,jokes,humor,1455665167,Soulphite,13,0,17,6713,0
to play bloodborne,d02j2dv,jokes,humor,1455665421,Svenray,1,0,1881,33961,0
i always wonder what people get out of reposting a joke for a hundredth time there is no even meaningless karma in it for you do you get to pretend to be admired and popular for someone else s wit  get off a little bit on that  do you ,d02j3z3,jokes,humor,1455665488,my__name__is,8,0,1987,222398,1
b but most humans are poor conductors  which means we have high electrical resistance  which is why electrocution works ,d02jadw,jokes,humor,1455665766,throwawayjoke2016,6,0,1,7,0
inb4 mods delete this,d02jca8,jokes,humor,1455665849,Oblivion4423,2,0,396,867,0
i immediately just upvoted to help a brother out  then clicked on the joke sorry ,d02jf4e,jokes,humor,1455665967,Badingabadinga,-3,0,1,33,0
it sounds to me like you secretly want this to happen,d02jgki,jokes,humor,1455666027,OftenPunchDrunk,-1,0,1,3203,0
this joke was a commercial a few years ago i want to say for disaronno ,d02jh8h,jokes,humor,1455666055,smilingasIsay,1,0,3469,19859,0
i thought the response was gon na be  because console gamers actually go outside ,d02ji38,jokes,humor,1455666092,xXI_KiLLJoY_IXx,8,0,70,3771,0
how could anyone be hyped up about something as silly as the superbowl  especially after hearing about cleganebowl get hype ,d02jvyz,jokes,humor,1455666781,Ibespwn,1,0,70,2105,0
https  wwwyoutubecomwatch  v  ua0gia1jbcm,d02jwxg,jokes,humor,1455666823,grand-theft-stapler,1,0,107,262,0
to get far away enough from his tv to not see individual pixels ,d02jwyj,jokes,humor,1455666825,TerraPlays,1,0,2574,3128,1
gt  aloha oi ,d02k4aa,jokes,humor,1455667149,pjabrony,1,0,190,87162,1
your getting that 1000  i will see to it personally ,d02k8iu,jokes,humor,1455667330,Llamakhan,-1,0,1,451,0
this original joke is about obama,d02khia,jokes,humor,1455667724,smashley951,1,0,19256,2655,0
maybe because i am not a military mania but was nt really funny ,d02kv7l,jokes,humor,1455668315,bearondiet,1,0,1246,2064,0
just saying  but mother teresa is the wrong name to use for this joke her clock would be moving so fast that it could be used to cut through solid metal ,d02l95d,jokes,humor,1455668911,FoxEuphonium,0,0,1,2927,0
client is an odd word to use in this situation  costumer would fit better,d02ldze,jokes,humor,1455669110,Turd-fergusin,3,0,1,45,0
the bartender throws the second coffee on the ground  and quits ,d02lhsr,jokes,humor,1455669266,Odd_Tactics,0,0,1529,23832,0
nice simple pun,d02lki4,jokes,humor,1455669377,celsiusnarhwal,3,0,4875,1513,0
who orders coffee in a bar ,d02lx71,jokes,humor,1455669904,Viaducks,3,0,42,14,0
i thought this was going to be  there are 7000 just like you ,d02m2jp,jokes,humor,1455670130,salient913,4,0,14,425,0
i guess she did nt see  that  coming ,d02m9j3,jokes,humor,1455670433,Twitchy_throttle,1,0,3467,19230,0
and all security tapes were stolen by the police ,d02maqd,jokes,humor,1455670483,I_askthequestions,1,0,172,1049,0
why are you doing this ,d02md7f,jokes,humor,1455670591,NintendoBukake,1,0,1,3622,0
you sumbitch take mah dam upvote thingamahjig ,d02mh59,jokes,humor,1455670764,Raven1586,10,0,8,2930,0
i do nt get it ,d02mk3u,jokes,humor,1455670898,psythedude,1,0,149,21669,0
i m gon na give my kids  7 a week and charge them  1 for dinner ,d02mua7,jokes,humor,1455671344,Joshmanbro,3,0,1,611,0
and that clown went on to be ruth buzzi ,d02myko,jokes,humor,1455671526,blatcatshat,1,0,510,13569,0
it will remind you of your collage days,d02mzld,jokes,humor,1455671568,LeeroyJenkins16,1,0,1,0,0
joke is fishy ,d02n0mx,jokes,humor,1455671613,blatcatshat,1,0,510,13569,0
the difference between knowing your shit and knowing you re shit ,d02n7p8,jokes,humor,1455671914,Tomats3,2,0,114,8,0
damn i would quit my job at starbucks on the spot and punch that guy in the face,d02njme,jokes,humor,1455672407,buttergolem69,0,0,1,3907,0
can confirm ,d02nlgy,jokes,humor,1455672483,AustinXTyler,-1,0,66,10173,0
i like my women like i like my coffee  slutty ,d02ns8x,jokes,humor,1455672763,esko24,0,0,1,12,0
women are like computers expensive  quick to be obsolete and always going down on me ,d02nuig,jokes,humor,1455672860,esko24,-1,0,1,12,0
the   girlfriend   of the   author   has one million   boyfriends   ,d02o28o,jokes,humor,1455673187,JokeExplainBot,43,0,1,40486,1
i for one want op to get his 1000 upvotes  but only if he can prove that this is legit ,d02o90p,jokes,humor,1455673467,DrRubButtWink,1,0,81,193,0
how dooes her dog smell ,d02oaah,jokes,humor,1455673521,spanglebot,2,0,1,1,0
i thought it was because he had friends to visit  source  am pc gamer ,d02oapy,jokes,humor,1455673538,AGameOfTiddlywinks,2,0,1,220,0
why was the head monk speaking  assuming different people arrive at different times he probably asks them all something when their 15 years is up does he just talk to himself while the others are in silence  these are the things keeping me up at night,d02oijw,jokes,humor,1455673867,ajm0031,2,0,9843,164,0
please explain,d02oof8,jokes,humor,1455674116,Niriun,2,0,1,64,0
rape jokes ,d02osos,jokes,humor,1455674302,BrahmsLullaby,1,0,6,60273,1
not to ruin a perfectly good joke  but here s what really happened  a man enters a bar and the bartender comes over and asks  can i help you sir    the man answers  what does a cup of coffee cost in this place    the bartender says  that would be  260    alright  i ll have one  says the client and he takes 26 dimes out of his wallet and he throws them on the ground  the bartender looks at the customer in disbelief  get the fuck out of my bar   he says  right fucking now ,d02ou9w,jokes,humor,1455674368,shaggyzon4,1,0,1755,52852,0
then funny slapped him because she does nt like being felt up ,d02p31z,jokes,humor,1455674735,sonicneo1,1,0,132,3878,0
ujokeexplainbot pls help i do nt get this,d02p5wb,jokes,humor,1455674854,CreepingMan_,5,0,2571,13606,0
 i ll be bachyou be mozart ,d02p7pu,jokes,humor,1455674932,naclbetter,1,0,1,30,0
nice ,d02p8pn,jokes,humor,1455674976,malan4reddit,1,0,1,53,0
dat s cold breh ,d02p9qh,jokes,humor,1455675021,SteakShake69,1,0,19,15,0
if the price were  250  the customer could have just left the change on the floor and ordered another ,d02pdvh,jokes,humor,1455675197,NoSuchAg3ncy,1,0,1,3653,0
like sqwert,d02pegg,jokes,humor,1455675222,Dad-man,1,0,1,1214,0
why did nt ya just say asshole ,d02pej4,jokes,humor,1455675225,plantspants,2,0,37,568,0
good joke  bad delivery ,d02phus,jokes,humor,1455675370,IpsoKinetikon,-1,0,10069,196734,0
op is probably british ,d02pket,jokes,humor,1455675478,SnuggleByte91,1,0,1,1373,0
groan,d02pp4w,jokes,humor,1455675682,MethosofGondor,1,0,1,555,0
 do you think you can handel that  ,d02q0rj,jokes,humor,1455676185,nikomaru,1,0,1,188,0
plot twist  guy 3 loves having 10 pineapples up his ass,d02q18n,jokes,humor,1455676206,Pra1217,2,0,1,166,0
switch the h from hunt with the c from carrie and read aloud ,d02q59k,jokes,humor,1455676379,DonnyRedcoat1776,0,0,1,2,0
i do nt know if i should be hanging my head in shame yet but i do appreciate truly stupid jokes i mean true stories why do nt i have an emoji that has rolling eyeballs ,d02q5ka,jokes,humor,1455676393,booaka,1,0,6,17,0
  thump   is   fatal   for   humans   from   21 floors   ,d02qffw,jokes,humor,1455676819,JokeExplainBot,8,0,1,40486,1
oh brother  ,d02qg3s,jokes,humor,1455676847,booaka,1,0,6,17,0
have also heard this w similar scenario  except there was a peach and a watermelon,d02qj5i,jokes,humor,1455676977,csmicfool,1,0,682,6552,1
pc master race gg m8,d02qkco,jokes,humor,1455677028,thegravyman,1,0,1,2,1
this is my favorite joke of all time  but you did nt make it long enough ,d02qmpi,jokes,humor,1455677131,EamesGurl94,1,0,608,1331,0
i think you are safe ,d02qrrj,jokes,humor,1455677343,SwampFox22,2,0,140,4692,0
she does nt need to be fast she only needs to outrun her brother her brother  on the other hand  was nt so lucky ,d02qshm,jokes,humor,1455677374,Assmouthorboth,0,0,1,12544,1
modern medicine cannoli do so much ,d02qun8,jokes,humor,1455677469,MassholeAndProudOfIt,3,0,1,104,0
bad complex pun huehue,d02r0sz,jokes,humor,1455677746,thegravyman,2,0,1,2,1
his wife must be feeling cannelloni right now,d02r596,jokes,humor,1455677946,Birdie_Num_Num,2,0,7539,164278,0
i totally thought the punch line was gon na be something about ground coffee ,d02r8as,jokes,humor,1455678079,wishingyoupeace,1,0,1,493,0
his legacy will become a pizza history,d02r9ia,jokes,humor,1455678133,Pra1217,1,0,1,166,0
you change the name to larry and joke loses meaning,d02rgmk,jokes,humor,1455678453,SalmonInTheAss,1,0,2728,3249,0
i do noth geth your joke nah i do,d02ri3w,jokes,humor,1455678520,cardboardmech,1,0,13,343,0
shut up ,d02rr7a,jokes,humor,1455678935,booaka,1,0,6,17,0
was it a fairy penguin ,d02rud1,jokes,humor,1455679078,booaka,1,0,6,17,0
what if he runs into a cave filled with whelps and get your party killed,d02rwje,jokes,humor,1455679178,hamahe5,2,0,1,336,0
nonamericans like me  a dime is 10 cents  5c a nickel  math  s  ,d02rz7x,jokes,humor,1455679301,CritiqOfPureBullshit,1,0,1,3088,0
https  wwwredditcomrjokescomments3hjobzwho_is_the_least_guilty_us_president i always remember jokes i ve seen for some reason ,d02s3ac,jokes,humor,1455679487,liquidlethe,3,0,6,2519,0
there once was a man from bulgaria whose favorite flower was valerian  when he smelled it on the breeze he got a big woody indeed and fucked all the bushes in the area ,d02sa7v,jokes,humor,1455679801,funkydo,1,0,4909,6720,0
he says nothing  he s impotent at his age and viagra would raise his blood pressure too much ,d02sm7v,jokes,humor,1455680362,EchoKnife,1,0,119,1851,0
future president hillary clinton  p,d02spt5,jokes,humor,1455680533,IamDanimals,2,0,6894,1014,0
gt  in the other lane you see 2 square lights a jeep wrangler  yj  1986  1995 model year can i go now ,d02sq67,jokes,humor,1455680551,YAISEDDIT,3,0,114,33305,0
rforwardsfromgrandma,d02sqdi,jokes,humor,1455680559,fudnip,1,0,13677,24996,0
eye see what you did there,d02squ2,jokes,humor,1455680580,WinnipegJetsFan204,1,0,1,13,0
can someone cue the  you fooled yourself  meme ,d02suwk,jokes,humor,1455680767,wrenchman2205,1,0,12,234,0
i really like these antifrance jokes people have been posting keep them up ,d02sv1i,jokes,humor,1455680773,SlickArcher,2,0,128,1606,0
relationship goals,d02syr1,jokes,humor,1455680942,Pyrosnake,1,0,1,9,0
love it  especially rodney dangerfield s delivery of the line  when we got married my wife told me i was one in a million i found out she was right  more rodney  with my wife i do nt get no respect i made a toast on her birthday to the best woman a man ever had  the waiter joined me  i tell ya  my wife was never nice on our first date  i asked her if i could give her a goodnight kiss on the cheek  she bent over  my wife and i were happy for twenty years then we met  i ll tell ya  my wife and i  we do nt think alike she donates money to the homeless  and i donate money to the topless  one night i came home i figured  let my wife come on i ll play it cool let her make the first move she went to florida  my wife made me join a bridge club i jump off next tuesday  one time i went to a hotel i asked the bellhop to handle my bag he felt up my wife  my wife only has sex with me for a purpose last night she used me to time an egg  it s tough to stay married my wife kisses the dog on the lips  yet she wo nt drink from my glass  my wife is nt very bright the other day she was at the store  and just as she was heading for our car  someone stole it  i said   did you see the guy that did it   she said   no  but i got the license plate  last night my wife met me at the front door she was wearing a sexy negligee the only trouble was  she was coming home  i was tired one night and i went to the bar to have a few drinks the bartender asked me   what ll you have   i said   surprise me  he showed me a naked picture of my wife  during sex my wife always wants to talk to me just the other night she called me from a hotel  my marriage is on the rocks again yeah  my wife just broke up with her boyfriend  it s tough to stay married my wife says no because she s tired then stays up and reads her book  my wife s not too smart i told her our kids were spoiled she said   all kids smell that way   my wife had her drivers test the other day she got 8 out of 10 the other 2 guys jumped clear  my wife a great driver  she once hit a deer it was in a zoo there are a pair of shoes on the dashboard they belong to the last guy she hit  my dog needed training  so i brought him into the bedroom at night from me he learned how to beg my wife taught him how to roll over and play dead  i tell ya  i m getting old i got no sex life i get tired just holding up the magazine at my age  i like to get sex over quickly then i can get to the nap ,d02t83p,jokes,humor,1455681385,smmfdyb,3,0,4272,34828,0
i like my coffee like i like my women  black and angry  screaming obscenities in my face early in the morning when all i want to do is read the paper dammit  katherine ,d02tfpg,jokes,humor,1455681755,PorkEatingMuslim,1,0,1,6805,0
this is an old dennis miller bit from the late 80 searly 90 s i tried to find a clip  because his delivery is way better the punchline is  if you take the time to get know them  there are so many more valid reasons to loathe an individual ,d02tg8m,jokes,humor,1455681782,rosellem,1,0,10,5600,0
is nt it insanity that is hereditary  you get it from having children ,d02tgqa,jokes,humor,1455681804,jimph,2,0,3,33,0
that is murder ,d02tip6,jokes,humor,1455681900,Stimmolation,2,0,1422,5666,1
upvote  69 good luck  sport    or should we call you peggy ,d02txl5,jokes,humor,1455682627,EmEmAndEye,1,0,1,3101,0
i literally saw this yesterday when i was searching for  best jokes ever  on google  ,d02u1v0,jokes,humor,1455682836,DangerDragonDude,1,0,1,4484,0
excellence,d02u2h9,jokes,humor,1455682866,Hushkadush,1,0,1,9,0
failing is in your dna,d02u77q,jokes,humor,1455683100,ThePandava,1,0,1,101,0
what about the bis  they need some love  and the pans ,d02u7q5,jokes,humor,1455683124,StrangerFeelings,-1,0,634,6330,0
i hope he takes the hint ,d02u89y,jokes,humor,1455683149,flippant-bastard,1,0,1,3931,0
sounds like a dissertation topic in soc  though,d02ua3j,jokes,humor,1455683242,High-Priest-of-Helix,1,0,19,1415,0
i ll teehee you  motherfucker ,d02udqr,jokes,humor,1455683426,toxicpaper,1,0,318,5881,0
lol nice,d02ue5g,jokes,humor,1455683445,boldfacebutton7,1,0,1,2,0
god damnit  just take my upvote and go away ,d02uff4,jokes,humor,1455683506,DestinyPvEGal,0,0,10,1033,0
i just want to say  i was the 69th upvode ,d02ujvt,jokes,humor,1455683728,LongTermThrowAway0,1,0,1,47,0
plot twist  she was also the stripper from the bachelor party ,d02ukza,jokes,humor,1455683785,ShitMeBack,2,0,1,20,0
talk about a halloweentown flashback,d02um0m,jokes,humor,1455683838,Ometrist,1,0,360,22209,0
 it was light james  moths love lights   jd tells great moth jokes   https  wwwyoutubecomwatch  v  lbn4z5ojl4q ,d02umiv,jokes,humor,1455683867,garryd11,1,0,12,1092,0
im not going to read all of that could someone please give me the gist of it ,d02upe9,jokes,humor,1455684021,FuzyDiceBongoInBack,1,0,23,864,0
sounds like you have many  many pairs of crocs ,d02urgp,jokes,humor,1455684125,flippant-bastard,0,0,1,3931,0
stay away from this girl,d02ut4g,jokes,humor,1455684208,FuzyDiceBongoInBack,1,0,23,864,0
people who fell from the 100th floor live longer on average than people who fell from the 50th floor ,d02uto3,jokes,humor,1455684236,gravyovercooked,1,0,1,812,0
women  huh ,d02utt6,jokes,humor,1455684243,Donald-Trumps-Hair,1,0,0,0,
sounds like he got nickel and dimed ,d02uxgk,jokes,humor,1455684436,arcane_elf,1,0,1,5,0
gt  rawdoging a stripper,d02uy21,jokes,humor,1455684465,NickelBackThatAzzUp,1,0,1245,30412,1
my first thought was actually beef strokenoff,d02vek4,jokes,humor,1455685324,mcrbradbury,1,0,133,173,0
i m gay  and frankly i m a little butt hurt about this post ,d02vft0,jokes,humor,1455685392,EdwintheLightWalker,1,0,1,13,0
someone please explain  ,d02vhv9,jokes,humor,1455685505,lineareclipse,1,0,1329,41,0
oh  no cmon that was way too long to lead up to a horrible pun ,d02vl39,jokes,humor,1455685676,PegboardNRD,1,0,1,1,0
wow plot twist  runexpected,d02vm93,jokes,humor,1455685740,Jaber_Doe,1,0,65,1265,0
if you re wearing crocs  you probably have nt seen your feet in years ignorance is bliss ,d02vq3i,jokes,humor,1455685956,SirRupert,1,0,2987,15582,0
just give back the 2 dimes and 16 nickels ,d02vs7v,jokes,humor,1455686074,SeeYouAgainIReply,1,0,4733,2588,0
